Num_Acc,an,mois,jour,hrmn,lum,agg,int,atm,col,com,adr,gps,lat,long,dep,catr,voie,v1,v2,circ,nbv,pr,pr1,vosp,prof,plan,lartpc,larrout,surf,infra,situ,env1
200500000467,5,1,11,2000,3,1,1,1,6,498.0,,M,0.0,0.0,330,3.0,3.0,0.0,,2,2,109.0,500.0,0,1,2,0,75,1,0,3,0
200500000468,5,1,6,945,1,1,1,2,1,56.0,,M,0.0,0.0,330,4.0,0.0,0.0,,2,2,0.0,0.0,0,1,1,0,77,2,0,1,0
200500000469,5,1,15,930,1,2,1,1,6,312.0,RUE DURAND DASSIER,M,0.0,0.0,330,4.0,0.0,0.0,,2,2,0.0,0.0,0,1,1,19,61,1,0,1,0
200500000470,5,1,13,1345,1,2,1,1,3,162.0,21 av de l hippodrome,M,0.0,0.0,330,4.0,0.0,0.0,,2,0,0.0,0.0,2,1,1,0,100,1,0,1,0
200500000471,5,1,7,1845,5,2,9,1,2,162.0,avenue de Saint Mï¿½dard,M,0.0,0.0,330,4.0,0.0,0.0,,2,0,0.0,0.0,2,0,1,0,120,1,0,1,0
200500000472,5,1,28,900,1,1,1,2,7,422.0,,M,0.0,0.0,330,3.0,211.0,2.0,E,2,0,1.0,890.0,0,1,1,0,50,7,0,3,0
200500000473,5,1,10,1015,1,2,1,1,3,376.0,ROUTE DE MOUNIC,M,0.0,0.0,330,3.0,211.0,0.0,,2,0,0.0,0.0,0,1,1,0,56,1,0,1,0
200500000474,5,1,1,930,2,1,1,8,6,267.0,,M,45.285,-0.441,330,3.0,23.0,0.0,,2,0,21.0,300.0,0,1,3,0,59,2,0,3,0
200500000475,5,1,12,745,2,1,1,1,3,6.0,,M,45.204,-0.629,330,3.0,135.0,0.0,,2,0,0.0,300.0,0,1,1,0,70,1,0,1,0
200500000476,5,1,16,2230,5,2,1,5,7,114.0,BEAUDET,M,45.101,-0.388,330,3.0,18.0,0.0,,2,2,0.0,0.0,0,1,2,0,67,1,0,3,0
200500000477,5,1,7,1400,1,2,1,1,1,81.0,allï¿½es de Lattre de Tass,M,0.0,0.0,330,3.0,10.0,0.0,,2,2,106.0,208.0,0,1,3,0,79,1,5,1,0
200500000478,5,1,8,1100,1,2,1,1,3,253.0,CD 10,M,0.0,0.0,330,3.0,10.0,0.0,,2,0,0.0,0.0,0,1,1,0,64,1,0,1,0
200500000479,5,1,15,1530,1,1,1,1,1,23.0,,M,44.7,-0.49,330,2.0,113.0,0.0,,2,0,53.0,800.0,0,0,1,0,70,1,0,1,0
200500000480,5,1,18,1745,2,2,1,8,6,109.0,RUE DU PRESIDENT CARNOT,M,44.7,-0.44,330,2.0,113.0,0.0,,2,2,0.0,0.0,0,2,4,0,65,2,0,1,0
200500000481,5,1,15,1900,5,2,1,1,5,238.0,Avenue de Gradignan,M,0.0,0.0,330,3.0,109.0,0.0,,2,2,5.0,500.0,0,1,1,0,55,1,5,1,0
200500000482,5,1,21,2045,5,2,1,8,1,80.0,RN113,M,0.0,0.0,330,2.0,113.0,0.0,,2,2,0.0,0.0,0,1,1,0,0,2,0,1,0
200500000483,5,1,14,1800,3,1,1,5,6,76.0,,M,44.54,-0.426,330,3.0,11.0,0.0,,2,0,41.0,500.0,0,0,1,0,0,2,0,1,0
200500000484,5,1,11,915,1,1,1,1,3,415.0,,M,0.0,0.0,330,2.0,113.0,0.0,,2,2,2.0,600.0,0,1,1,0,72,1,0,1,0
200500000485,5,1,31,1130,1,2,1,1,3,227.0,Rue Jules Ferry,M,44.554,-0.251,330,3.0,125.0,3.0,E,2,0,0.0,0.0,0,1,1,0,83,1,5,1,3
200500000486,5,1,5,2000,3,1,1,1,6,195.0,,M,44.385,-0.033,330,3.0,655.0,0.0,,2,2,17.0,0.0,0,1,1,0,70,1,0,3,0
200500000487,5,1,16,1815,4,2,1,1,1,287.0,8 cent jour est,M,44.575,0.022,330,2.0,113.0,0.0,,2,2,0.0,0.0,0,0,0,0,50,1,0,1,0
200500000488,5,1,13,1900,3,1,1,5,3,523.0,,M,0.0,0.0,330,3.0,671.0,0.0,,2,2,7.0,850.0,0,2,1,0,65,2,0,1,0
200500000489,5,1,25,1645,1,1,1,1,6,523.0,,M,0.0,0.0,330,3.0,11.0,0.0,,2,0,0.0,0.0,0,1,3,0,0,1,0,0,0
200500000490,5,1,28,1830,1,1,1,1,3,379.0,,M,0.0,0.0,330,3.0,9.0,0.0,,0,0,0.0,310.0,0,1,1,0,50,1,0,1,0
200500000491,5,1,28,1315,1,1,2,8,3,297.0,,M,0.0,0.0,330,2.0,215.0,0.0,,2,2,0.0,0.0,0,2,1,0,70,2,5,1,0
200500000492,5,1,23,1200,1,1,1,2,1,125.0,,M,0.0,0.0,330,3.0,104.0,0.0,,2,0,1.0,800.0,0,1,0,0,60,2,0,1,0
200500000493,5,1,26,745,2,1,1,1,3,539.0,,M,0.0,0.0,330,3.0,242.0,2.0,E,2,2,1.0,100.0,0,1,1,0,70,1,0,1,0
200500000494,5,1,27,745,3,1,1,1,1,243.0,,M,0.0,0.0,330,3.0,670.0,0.0,,2,0,0.0,0.0,0,0,1,0,0,1,0,1,0
200500000495,5,1,2,2100,3,1,1,1,7,296.0,,M,44.83,-0.04,330,3.0,17.0,0.0,,2,0,36.0,200.0,0,1,1,60,0,1,0,3,0
200500000496,5,1,9,1745,1,1,4,1,1,194.0,,M,44.81,-0.22,330,3.0,11.0,0.0,,2,2,1.0,600.0,0,3,3,0,82,1,0,1,0
200500000497,5,1,29,730,3,1,3,1,3,421.0,,M,44.81,-0.13,330,3.0,18.0,0.0,,2,0,71.0,355.0,0,1,1,0,50,1,5,1,0
200500000498,5,1,23,615,3,1,1,1,6,459.0,,M,44.859,-0.082,330,3.0,936.0,0.0,,2,2,40.0,0.0,0,1,1,0,60,1,0,3,0
200500000499,5,1,15,215,3,1,1,5,7,1.0,,M,45.0,-0.12,330,3.0,17.0,0.0,,2,2,10.0,200.0,0,1,4,0,65,0,0,3,0
200500000500,5,1,10,1830,2,1,1,1,2,218.0,,M,45.078,-0.167,330,3.0,910.0,0.0,,2,2,0.0,0.0,0,4,0,0,0,1,0,3,0
200500000501,5,1,3,1700,1,1,1,1,6,369.0,,M,0.0,0.0,330,3.0,708.0,0.0,,2,2,4.0,800.0,0,1,2,0,70,2,0,3,0
200500000502,5,1,28,815,1,1,1,2,3,542.0,,M,44.997,-0.364,330,3.0,246.0,0.0,,2,2,0.0,0.0,0,2,0,0,90,7,0,1,0
200500001770,5,1,1,400,3,1,1,9,7,333.0,,M,44.899,-1.119,330,4.0,206.0,0.0,,2,1,0.0,0.0,0,1,1,0,43,2,0,3,0
200500001771,5,1,16,200,3,1,1,1,6,203.0,,M,45.203,-1.047,330,3.0,2.0,3.0,,2,2,25.0,300.0,0,1,1,0,56,1,0,1,0
200500001775,5,1,24,1830,2,2,1,1,5,199.0,81 DE LATTRE DE TASSIGNY,M,0.0,0.0,330,3.0,650.0,0.0,,2,0,0.0,0.0,0,1,1,0,67,1,0,1,0
200500001777,5,1,4,830,1,1,3,1,1,234.0,,M,44.803,-0.516,330,3.0,113.0,1.0,E,1,0,0.0,0.0,1,1,1,0,30,1,0,1,0
200500001778,5,1,13,1130,1,1,9,1,1,85.0,,M,44.774,-0.445,330,3.0,14.0,0.0,,2,2,0.0,0.0,0,2,1,0,63,1,0,1,0
200500001801,5,1,1,1745,2,2,2,2,3,5.0,rue Charles GOUNOT,M,44.752,-1.094,330,4.0,0.0,0.0,,2,0,0.0,0.0,0,1,1,0,50,2,0,1,0
200500001802,5,1,5,2015,5,2,1,1,7,229.0,,M,0.0,0.0,330,3.0,5.0,3.0,,2,0,88.0,300.0,0,0,1,0,70,1,0,1,0
200500001803,5,1,29,1945,3,2,1,8,6,5.0,AVENUE DE BORDEAUX,M,44.762,-1.072,330,3.0,215.0,0.0,,2,2,0.0,0.0,0,0,1,0,60,1,0,1,3
200500001882,5,1,1,315,3,1,1,1,6,284.0,,M,0.0,0.0,330,1.0,660.0,0.0,A,1,2,2.0,180.0,0,1,3,200,72,1,0,3,0
200500001902,5,1,10,1900,3,1,1,1,7,122.0,,M,44.727,-0.747,330,3.0,211.0,0.0,,2,2,41.0,100.0,0,1,1,0,0,1,0,3,0
200500001903,5,1,22,1800,1,1,1,1,1,122.0,,M,0.0,0.0,330,3.0,214.0,0.0,,2,2,1.0,400.0,1,1,1,0,70,1,0,1,0
200500003134,5,1,11,1645,1,2,1,1,2,529.0,RN 250 (BONNEVAL - LA HU,,,,330,2.0,0.0,0.0,,2,2,43.0,0.0,0,1,1,28,36,1,0,1,0
200500003135,5,1,11,1750,1,2,1,1,3,529.0,DE GAULLE (AVE GAL) DU 0,,,,330,4.0,0.0,0.0,,2,2,,,0,1,1,0,60,1,0,1,99
200500003136,5,1,18,1500,1,2,1,1,5,529.0,"440, INDUSTRIE (BD DE L'",,,,330,4.0,0.0,0.0,,2,2,,,0,1,1,0,65,2,0,1,99
200500003137,5,1,8,1555,1,2,1,1,2,9.0,"22, TARTAS (CRS) DU 02 A",,,,330,4.0,0.0,0.0,,1,1,,,0,1,1,0,80,1,0,1,0
200500003138,5,1,1,610,5,2,5,1,2,63.0,"122, JUIN (CRS MARECHAL)",,,,330,4.0,0.0,0.0,,2,4,,,0,1,1,44,194,2,0,1,99
200500003139,5,1,1,645,5,2,1,2,6,63.0,CHARTRONS (QUAI DES),,,,330,4.0,0.0,0.0,,2,4,,,3,1,1,7,280,2,0,1,99
200500003140,5,1,1,750,5,2,5,2,6,63.0,SOURDIS (RUE FRANCOIS DE,,,,330,4.0,0.0,0.0,,2,2,,,2,1,1,0,100,2,0,1,99
200500003141,5,1,1,1910,5,2,3,1,3,63.0,"124, HUGO (CRS VICTOR) (",,,,330,4.0,0.0,0.0,,2,3,,,3,1,1,0,121,1,0,1,3
200500003142,5,1,3,1340,1,2,3,1,6,63.0,DUBERGIER (RUE DUFFOUR),,,,330,4.0,0.0,0.0,,1,1,,,0,1,1,0,57,1,0,0,0
200500003143,5,1,3,1930,5,2,1,1,2,63.0,WILSON (BD DU PRESIDENT),,,,330,4.0,0.0,0.0,,3,2,,,2,1,1,270,168,1,0,1,0
200500003144,5,1,2,1050,1,2,2,1,3,32.0,FOCH (RUE DU MARECHAL) (,,,,330,4.0,0.0,0.0,,2,2,,,0,1,1,0,68,1,0,1,0
200500003145,5,1,4,752,2,2,1,1,2,281.0,"91, LIBERATION (AVE DE L",,,,330,4.0,0.0,0.0,,2,2,,,0,1,1,0,780,1,0,1,0
200500003146,5,1,4,2000,5,2,1,1,6,63.0,"30, CLEMENCEAU (CRS GEOR",,,,330,4.0,0.0,0.0,,3,2,,,0,1,1,0,160,1,0,1,0
200500003147,5,1,5,1220,1,2,1,1,6,63.0,"330, WILSON (BD DU PRESI",,,,330,4.0,0.0,0.0,,3,2,,,1,1,1,15,55,1,0,1,0
200500003148,5,1,5,1610,1,2,2,1,3,63.0,AUBER (CRS JOURNU),,,,330,4.0,0.0,0.0,,2,2,,,0,1,1,0,0,1,0,1,0
200500003149,5,1,3,755,5,2,7,1,6,192.0,ROUMEGOUX (PCE BERNARD),,,,330,4.0,0.0,0.0,,1,1,,,0,1,1,42,9,1,0,1,0
200500003150,5,1,3,1650,1,2,1,1,5,550.0,TOULOUSE (RTE DE),,,,330,4.0,0.0,0.0,,3,2,,,0,1,1,16,50,1,0,1,0
200500003151,5,1,5,1805,5,2,3,1,6,63.0,RACCORDEMENT (CRS DU),,,,330,4.0,0.0,0.0,,2,2,,,2,1,1,0,85,1,0,1,0
200500003152,5,1,6,1405,1,2,2,1,3,63.0,ALBRET (CRS D),,,,330,4.0,0.0,0.0,,3,2,,,0,1,1,0,0,1,0,1,0
200500003153,5,1,6,1715,1,2,3,1,3,63.0,NAUJAC (RUE ),,,,330,4.0,0.0,0.0,,1,1,,,0,1,1,0,30,1,0,1,0
200500003154,5,1,6,1835,5,2,3,1,6,63.0,LOIS (RUE ESPRIT-DES),,,,330,4.0,0.0,0.0,,3,2,,,0,3,1,0,62,1,0,1,0
200500003155,5,1,1,700,5,2,1,1,6,63.0,BRICAUD (CRS CHARLES),,,,330,4.0,0.0,0.0,,1,2,,,0,1,0,0,0,1,0,1,0
200500003156,5,1,6,2335,5,2,2,1,3,63.0,GAUTIER (BD ANTOINE),,,,330,4.0,0.0,0.0,,3,2,,,0,1,1,0,67,1,0,1,99
200500003157,5,1,7,2120,5,2,2,1,3,63.0,CURSOL (RUE DE),,,,330,4.0,0.0,0.0,,3,1,,,0,1,1,0,75,1,0,1,0
200500003158,5,1,7,1615,1,2,2,1,5,63.0,SOMME (CRS DE LA),,,,330,4.0,0.0,0.0,,2,2,,,2,1,1,0,117,1,0,1,0
200500003159,5,1,8,2000,3,2,1,1,6,63.0,MALBEC (RUE ),,,,330,4.0,0.0,0.0,,1,1,,,1,1,1,0,67,1,0,1,0
200500003160,5,1,6,1144,1,2,2,1,2,63.0,TIVOLI (RUE DE),,,,330,4.0,0.0,0.0,,2,2,,,0,1,1,0,72,1,0,1,0
200500003161,5,1,7,2125,5,2,1,1,3,318.0,MAGONTY (AVE DE),,,,330,4.0,0.0,0.0,,2,2,,,0,1,1,0,63,1,0,1,0
200500003162,5,1,11,1455,1,2,3,1,6,63.0,HUGO (CRS VICTOR),,,,330,4.0,0.0,0.0,,1,1,,,0,1,1,0,50,1,0,1,0
200500003163,5,1,7,915,1,2,2,5,6,522.0,GAMBETTA (CRS ),,,,330,4.0,0.0,0.0,,3,1,,,3,1,1,66,30,1,3,0,0
200500003164,5,1,7,1720,1,2,3,1,1,192.0,MARTINON (RUE DE) (1-33),,,,330,4.0,0.0,0.0,,2,2,,,0,1,3,0,70,1,0,1,99
200500003165,5,1,8,1820,3,2,1,1,6,281.0,LECLERC (AVE DU MARECHAL,,,,330,4.0,0.0,0.0,,2,2,,,0,1,1,0,73,1,0,1,0
200500003166,5,1,8,1945,5,2,5,1,1,522.0,PEYDAVANT (RUE ),,,,330,4.0,0.0,0.0,,2,2,,,0,1,1,0,98,1,0,1,99
200500003167,5,1,8,2115,5,2,2,1,1,281.0,FRANCE (AVE PIERRE MENDE,,,,330,4.0,0.0,0.0,,2,3,,,0,1,1,0,89,1,0,1,0
200500003168,5,1,12,750,2,2,3,1,2,63.0,"51, GAUTIER (BD ANTOINE)",,,,330,4.0,0.0,0.0,,3,4,,,1,1,1,0,0,1,0,1,0
200500003169,5,1,12,751,2,2,2,1,3,63.0,YSER (CRS DE L),,,,330,4.0,0.0,0.0,,2,2,,,0,1,1,0,64,1,0,1,0
200500003170,5,1,12,1815,5,2,1,2,6,63.0,BRASCASSAT (RUE ),,,,330,4.0,0.0,0.0,,3,1,,,2,1,3,13,109,2,0,1,0
200500003171,5,1,12,2130,5,2,2,1,3,63.0,PITRES (RUE ALBERT),,,,330,4.0,0.0,0.0,,0,0,,,0,1,1,0,48,2,0,1,0
200500003172,5,1,8,1630,1,2,2,1,3,75.0,MARNE (AVE DE LA),,,,330,4.0,0.0,0.0,,2,2,,,0,1,1,0,68,1,0,1,0
200500003173,5,1,9,2025,5,2,2,1,3,69.0,CARNOT (AVE SADI),,,,330,4.0,0.0,0.0,,2,2,,,0,0,1,0,75,1,0,1,0
200500003174,5,1,7,1805,5,2,2,1,3,318.0,ORIENT (AVE DU PONT DE L,,,,330,4.0,0.0,0.0,,2,3,,,0,1,1,0,102,1,0,1,0
200500003175,5,1,10,1550,1,2,1,1,3,75.0,MEDOC (RTE DU),,,,330,4.0,0.0,0.0,,3,2,,,0,1,1,0,66,1,0,1,0
200500003176,5,1,10,1722,1,2,2,1,3,69.0,COURBET (RUE AMIRAL),,,,330,4.0,0.0,0.0,,2,2,,,0,1,1,0,68,1,0,1,0
200500003177,5,1,10,1843,5,2,3,1,1,192.0,CANEJAN (RTE DE),,,,330,4.0,0.0,0.0,,2,3,,,0,1,1,0,84,1,0,1,0
200500003178,5,1,13,820,1,2,2,1,2,63.0,BRUNET (CRS HENRI),,,,330,4.0,0.0,0.0,,0,0,,,0,1,1,0,0,1,0,1,0
200500003179,5,1,13,1700,1,2,1,1,3,63.0,TOURNEMIRE (RUE CHARLES),,,,330,4.0,0.0,0.0,,0,0,,,0,1,2,0,68,1,0,0,0
200500003180,5,1,14,1645,1,2,1,1,1,63.0,MARNE (CRS DE LA),,,,330,4.0,0.0,0.0,,2,4,,,0,1,1,0,114,1,0,1,0
200500003181,5,1,14,1657,1,2,1,1,6,63.0,"131, HUGO (CRS VICTOR)",,,,330,4.0,0.0,0.0,,2,4,,,0,1,1,0,120,1,0,1,0
200500003182,5,1,14,2130,5,2,1,5,3,63.0,LADOUMEGUE (CRS JULES),,,,330,4.0,0.0,0.0,,2,4,,,0,1,1,0,82,1,0,1,0
200500003183,5,1,14,2135,5,2,1,1,6,63.0,STUTTENBERG (CRS BALGUER,,,,330,4.0,0.0,0.0,,1,1,,,1,1,1,0,45,1,0,1,0
200500003184,5,1,15,1425,1,2,3,1,6,63.0,ALBRET (CRS D),,,,330,4.0,0.0,0.0,,3,2,,,0,1,0,20,60,1,0,1,0
200500003185,5,1,15,2220,5,2,1,1,1,63.0,MEYNARD (PCE ),,,,330,4.0,0.0,0.0,,0,0,,,0,1,1,0,0,1,0,1,0
200500003186,5,1,16,2120,5,2,1,1,7,63.0,PIERRE (PONT DE),,,,330,4.0,0.0,0.0,,3,2,,,3,1,1,0,28,1,0,1,0
200500003187,5,1,12,807,2,2,1,1,4,281.0,AIR (AVE BON),,,,330,4.0,0.0,0.0,,2,2,,,1,1,1,0,62,1,0,1,0
200500003188,5,1,17,1425,1,2,2,1,3,69.0,WILSON (BD DU PRESIDENT),,,,330,4.0,0.0,0.0,,3,2,,,1,1,1,0,0,1,0,1,0
200500003189,5,1,7,1215,1,2,4,1,2,249.0,LIBERATION (AVE DE LA),,,,330,4.0,0.0,0.0,,3,2,,,3,1,1,0,0,1,0,0,0
200500003190,5,1,12,750,2,2,1,1,3,119.0,RICARD (BD ANDRE),,,,330,4.0,0.0,0.0,,2,2,,,1,1,1,0,89,1,0,1,0
200500003191,5,1,12,1210,1,2,1,1,3,249.0,LIBERATION (AVE DE LA),,,,330,4.0,0.0,0.0,,2,2,,,0,3,1,0,14,1,0,1,0
200500003192,5,1,12,2013,3,2,2,2,3,550.0,FERRON (AVE DE),,,,330,4.0,0.0,0.0,,2,2,,,0,1,1,0,55,2,0,1,0
200500003193,5,1,13,900,1,2,3,2,3,249.0,COURANT (RUE DU),,,,330,4.0,0.0,0.0,,2,3,,,0,1,1,0,700,2,0,1,0
200500003194,5,1,13,1900,5,2,2,1,1,69.0,TIVOLI (AVE DE),,,,330,4.0,0.0,0.0,,2,4,,,0,1,1,0,102,1,0,1,0
200500003195,5,1,11,829,1,2,1,1,4,281.0,DASSAULT (AVE MARCEL),,,,330,4.0,0.0,0.0,,3,3,,,1,1,1,5,120,1,0,1,0
200500003196,5,1,13,1605,1,2,3,1,3,281.0,MARNE (AVE DE LA),,,,330,4.0,0.0,0.0,,2,2,,,0,1,1,0,87,1,0,1,0
200500003197,5,1,18,830,1,2,3,2,3,63.0,PASTEUR CAUD (RUE ),,,,330,4.0,0.0,0.0,,1,20,,,0,1,1,0,119,2,0,1,0
200500003198,5,1,18,1010,1,2,1,2,2,63.0,"20, GARNIER (RUE FRANCIS",,,,330,4.0,0.0,0.0,,2,1,,,0,1,1,0,76,2,0,1,0
200500003199,5,1,18,1335,1,2,1,1,4,63.0,PIERRE (PONT DE),,,,330,5.0,0.0,0.0,,2,2,,,0,1,2,0,28,1,2,1,99
200500003200,5,1,18,1520,1,2,3,1,6,63.0,PESSAC (RUE DE),,,,330,4.0,0.0,0.0,,2,2,,,0,1,1,0,93,1,0,1,0
200500003201,5,1,14,1512,1,2,3,1,1,281.0,BROSSOLETTE (RUE PIERRE),,,,330,4.0,0.0,0.0,,1,1,,,0,1,1,0,53,1,0,1,0
200500003202,5,1,14,1630,1,2,9,1,6,550.0,BOURLEAUD (AVE EDOUARD),,,,330,4.0,0.0,0.0,,2,2,,,0,2,1,0,64,1,0,1,0
200500003203,5,1,14,1746,2,2,1,1,2,281.0,ROBINSON (AVE DES FRERES,,,,330,4.0,0.0,0.0,,3,2,,,0,1,1,35,80,1,0,1,0
200500003204,5,1,12,1125,1,2,2,1,3,281.0,FRANCE (AVE PIERRE MENDE,,,,330,4.0,0.0,0.0,,2,3,,,1,1,1,0,88,1,0,1,0
200500003205,5,1,13,755,5,2,1,1,5,192.0,CANEJAN (RTE DE),,,,330,4.0,0.0,0.0,,2,2,,,0,1,0,0,65,0,0,0,0
200500003206,5,1,17,1005,1,2,3,1,5,318.0,MADRAN (AVE DE),,,,330,4.0,0.0,0.0,,3,3,,,1,1,1,0,850,1,0,1,0
200500003207,5,1,18,1110,1,2,1,2,2,63.0,"196, LABARDE (AVE DE)",,,,330,4.0,0.0,0.0,,2,2,,,0,1,1,0,118,2,0,1,0
200500003208,5,1,20,1605,1,2,2,2,2,63.0,MATHIEU (RUE ),,,,330,4.0,0.0,0.0,,1,1,,,0,1,1,0,60,1,0,1,0
200500003209,5,1,19,1200,1,2,3,2,3,63.0,JOURNAUX (AVE DES QUARAN,,,,330,4.0,0.0,0.0,,0,2,,,0,1,1,0,65,2,0,1,99
200500003210,5,1,23,415,5,2,1,1,7,63.0,CURIE (BD JOLIOT),,,,330,4.0,0.0,0.0,,3,2,,,0,2,2,0,65,1,0,1,0
200500003211,5,1,22,1235,1,2,3,1,4,63.0,"155, MANDEL (RUE GEORGES",,,,330,4.0,0.0,0.0,,1,1,,,2,1,1,0,55,1,0,1,0
200500003212,5,1,24,430,5,2,1,1,1,63.0,"179, MEDOC (CRS DU)",,,,330,4.0,0.0,0.0,,2,2,,,0,1,1,0,84,1,0,1,0
200500003213,5,1,20,1950,5,2,2,2,4,63.0,TOULOUSE (RTE DE),,,,330,4.0,0.0,0.0,,2,0,,,0,1,1,0,95,2,0,1,0
200500003214,5,1,21,1355,1,2,1,2,4,63.0,BOSC (BD JEAN-JACQUES),,,,330,4.0,0.0,0.0,,3,2,,,1,1,1,0,35,2,0,1,0
200500003215,5,1,21,1420,1,2,1,2,3,63.0,MEDOC (CRS DU),,,,330,4.0,0.0,0.0,,2,2,,,1,1,1,0,61,2,0,1,0
200500003216,5,1,21,1430,1,2,1,1,6,63.0,"242, YSER (CRS DE L)",,,,330,4.0,0.0,0.0,,1,1,,,0,1,1,0,0,2,0,1,0
200500003217,5,1,21,2045,5,2,2,2,2,63.0,WILSON (BD DU PRESIDENT),,,,330,4.0,0.0,0.0,,3,4,,,1,1,1,0,49,2,0,1,0
200500003218,5,1,17,1710,1,2,4,1,2,281.0,KENNEDY (AVE PRESIDENT J,,,,330,4.0,0.0,0.0,,2,3,,,0,1,1,0,105,1,0,1,0
200500003219,5,1,18,1230,1,2,2,2,3,39.0,HUGO (CRS VICTOR),,,,330,4.0,0.0,0.0,,2,2,,,0,1,1,0,70,1,0,1,0
200500003220,5,1,19,905,1,2,6,2,3,522.0,ARNOZAN (RUE DU PROFESSE,,,,330,4.0,0.0,0.0,,3,0,,,0,3,1,0,55,2,0,1,0
200500003221,5,1,19,1345,1,2,1,2,2,318.0,MADRAN (AVE DE),,,,330,4.0,0.0,0.0,,2,2,,,0,1,1,0,120,2,0,1,0
200500003222,5,1,15,1800,5,2,2,1,3,522.0,LIBERATION (CRS DE LA),,,,330,4.0,0.0,0.0,,3,3,,,0,1,1,0,125,1,0,1,0
200500003223,5,1,20,850,1,2,2,2,5,281.0,GARROS (AVE ROLAND),,,,330,4.0,0.0,0.0,,2,3,,,0,1,1,0,120,2,0,1,0
200500003224,5,1,23,300,5,2,2,1,3,63.0,BOSC (BD JEAN-JACQUES),,,,330,4.0,0.0,0.0,,3,4,,,0,3,1,8,135,1,0,1,0
200500003225,5,1,24,705,5,2,3,1,3,63.0,EYSINES CAUD (AVE D),,,,330,4.0,0.0,0.0,,2,2,,,0,1,1,0,70,1,0,1,0
200500003226,5,1,24,1740,2,2,1,1,6,63.0,"12, JOHNSTON (RUE DAVID)",,,,330,4.0,0.0,0.0,,1,1,,,2,1,0,0,60,1,0,5,0
200500003227,5,1,17,815,1,2,3,1,3,39.0,BOSC (BD JEAN-JACQUES),,,,330,4.0,0.0,0.0,,3,4,,,1,1,1,14,36,1,0,1,0
200500003228,5,1,24,650,5,2,1,1,6,75.0,"23, AQUITAINE (AVE D)",,,,330,4.0,0.0,0.0,,2,2,,,0,1,1,0,69,1,0,1,0
200500003229,5,1,19,1830,5,2,2,2,3,318.0,TASSIGNY (AVE MAL DE LAT,,,,330,4.0,0.0,0.0,,2,3,,,0,1,1,0,110,2,0,1,0
200500003230,5,1,24,1520,1,2,2,2,6,318.0,CHATEAUBRIAND (RUE ),,,,330,4.0,0.0,0.0,,3,4,,,0,1,1,6,60,1,0,1,0
200500003231,5,1,25,1720,1,2,1,1,6,318.0,"99, PENARD (AVE DU DOCTE",,,,330,4.0,0.0,0.0,,2,2,,,0,1,1,0,110,1,0,1,0
200500003232,5,1,25,2130,5,2,1,1,1,192.0,MAUGUETTE (RUE DE LA),,,,330,4.0,0.0,0.0,,2,2,,,0,1,1,0,86,1,0,1,0
200500003233,5,1,27,1240,1,2,2,1,3,63.0,PALUDATE (QUAI DE),,,,330,4.0,0.0,0.0,,3,4,,,1,1,1,16,118,1,0,1,0
200500003234,5,1,27,1305,1,2,1,1,3,63.0,"2, CRAUSTE (RUE MARGUERI",,,,330,4.0,0.0,0.0,,2,3,,,1,1,1,0,131,1,0,1,0
200500003235,5,1,24,1315,1,2,2,1,3,281.0,MEDARD (AVE DE SAINT),,,,330,4.0,0.0,0.0,,2,3,,,2,1,1,0,130,2,0,1,0
200500003236,5,1,25,1705,1,2,1,1,6,63.0,GALLIENI (CRS DU MARECHA,,,,330,4.0,0.0,0.0,,2,2,,,0,1,1,0,90,1,0,1,0
200500003237,5,1,29,1515,1,2,1,1,3,63.0,YSER (CRS DE L),,,,330,4.0,0.0,0.0,,2,2,,,1,1,1,0,60,1,0,1,0
200500003238,5,1,30,415,5,2,1,1,7,281.0,"10, GUTENBERG (RUE )",,,,330,4.0,0.0,0.0,,2,0,,,0,1,1,0,70,1,0,1,0
200500003239,5,1,25,1355,1,2,3,1,2,69.0,TIVOLI (AVE DE),,,,330,4.0,0.0,0.0,,3,2,,,1,1,1,0,63,1,0,1,0