Num_Acc,an,mois,jour,hrmn,lum,agg,int,atm,col,com,adr,gps,lat,long,dep,catr,voie,v1,v2,circ,nbv,pr,pr1,vosp,prof,plan,lartpc,larrout,surf,infra,situ,env1
200500011826,5,2,4,130,3,2,1,1,6,229.0,ROUTE DU STADE,M,44.717,-1.053,330,4.0,0.0,0.0,,2,0,0.0,0.0,0,1,1,0,20,1,0,3,0
200500011887,5,2,9,1130,1,1,1,1,6,50.0,,M,0.0,0.0,330,1.0,62.0,0.0,,3,2,46.0,80.0,3,1,1,0,200,1,0,3,0
200500011888,5,2,23,630,3,1,1,9,3,227.0,,M,0.0,0.0,330,1.0,62.0,0.0,,3,2,35.0,900.0,3,1,1,0,200,1,0,1,0
200500011920,5,2,18,2215,3,1,1,1,6,498.0,,M,44.56,-0.83,330,1.0,63.0,0.0,,3,2,31.0,500.0,3,1,1,110,72,2,0,3,0
200500011937,5,2,18,1900,5,2,2,8,3,122.0,Avenue de Reinheim,M,0.0,0.0,330,9.0,0.0,0.0,,2,2,0.0,0.0,1,1,3,0,68,2,5,1,0
200500012499,5,3,12,1745,1,1,1,1,1,42.0,,M,0.0,0.0,330,2.0,10.0,0.0,,2,2,96.0,162.0,0,1,1,0,100,1,5,1,0
200500012500,5,3,17,830,1,1,1,1,3,56.0,,M,0.0,0.0,330,3.0,210.0,0.0,,2,2,10.0,200.0,0,1,1,60,0,1,0,1,0
200500012501,5,3,23,2300,5,2,1,1,6,162.0,AVENUE DE L HIPPODROME,M,0.0,0.0,330,9.0,0.0,0.0,,0,0,0.0,0.0,0,1,1,0,0,1,0,1,0
200500012502,5,3,23,1715,1,2,2,1,5,449.0,Rue Clï¿½mant DESSALES,M,0.0,0.0,330,4.0,1.0,0.0,,2,2,0.0,0.0,0,1,1,0,50,1,0,1,0
200500012503,5,3,24,1630,1,2,1,1,3,449.0,chemin lafon,M,0.0,0.0,330,4.0,0.0,0.0,,2,0,0.0,0.0,0,1,1,0,78,1,0,1,0
200500012504,5,3,29,45,3,1,1,2,6,449.0,,M,0.0,0.0,330,3.0,107.0,0.0,,2,0,27.0,400.0,0,1,1,0,65,2,0,3,0
200500012505,5,3,5,2315,5,2,1,1,6,441.0,10 voie romaine,M,45.146,-0.647,330,3.0,937.0,0.0,,2,0,7.0,600.0,0,1,1,0,62,1,0,3,0
200500012506,5,3,9,730,1,1,1,1,1,47.0,,M,45.126,-0.573,330,2.0,137.0,0.0,,2,2,17.0,500.0,0,2,2,0,75,1,0,1,0
200500012507,5,3,26,1715,1,1,2,1,3,267.0,,M,45.274,-0.531,330,3.0,23.0,0.0,,2,2,13.0,550.0,0,1,1,0,58,1,0,1,0
200500012508,5,3,15,1715,1,1,1,1,1,473.0,,M,0.0,0.0,330,3.0,22.0,0.0,,2,0,0.0,0.0,0,1,1,0,64,1,0,1,0
200500012509,5,3,11,1330,1,1,1,1,1,554.0,,M,0.0,0.0,330,2.0,89.0,0.0,,2,4,47.0,100.0,0,3,2,15,80,1,0,3,0
200500012510,5,3,20,830,1,1,1,1,6,483.0,,M,0.0,0.0,330,4.0,0.0,0.0,,2,2,0.0,0.0,0,1,2,0,30,1,0,3,0
200500012511,5,3,26,1530,1,2,1,2,3,96.0,rues BOURDIEU / MAUREL,M,44.902,-0.509,330,4.0,0.0,0.0,,2,2,0.0,0.0,0,0,0,0,0,2,5,1,0
200500012512,5,3,28,1015,5,2,1,1,6,109.0,46 RUE PRESIDENT CARNOT,M,0.0,0.0,330,2.0,113.0,0.0,,3,0,0.0,0.0,0,0,1,0,0,1,0,1,0
200500012513,5,3,25,2000,3,1,1,1,7,201.0,,M,44.743,-0.38,330,3.0,20.0,0.0,,0,2,0.0,0.0,0,0,0,0,0,0,0,0,0
200500012514,5,3,19,2015,1,1,1,1,2,13.0,,M,44.873,-0.498,330,2.0,89.0,0.0,,3,0,50.0,0.0,0,1,1,20,200,1,3,1,0
200500012515,5,3,24,1630,1,1,1,1,1,535.0,,M,44.844,-0.469,330,3.0,241.0,0.0,,2,2,0.0,0.0,0,2,1,0,60,1,0,1,0
200500012516,5,3,15,1900,2,2,1,1,6,238.0,22 Chemin de Jacquin,M,0.0,0.0,330,4.0,0.0,0.0,,2,0,0.0,0.0,0,2,3,0,0,1,0,0,0
200500012517,5,3,24,745,1,2,1,1,1,30.0,Lieu dit GUITERONDE,M,44.597,-0.342,330,3.0,118.0,0.0,,2,2,0.0,0.0,0,1,3,0,58,2,0,1,0
200500012518,5,3,29,1400,1,1,1,1,3,30.0,,M,44.6,-0.3,330,2.0,113.0,0.0,,2,2,0.0,0.0,0,1,1,0,0,1,0,1,0
200500012519,5,3,27,1245,1,2,6,2,3,227.0,Bld de la rï¿½publique,M,44.554,-0.258,330,2.0,562.0,0.0,,3,2,0.0,0.0,0,1,1,20,101,2,5,1,0
200500012520,5,3,16,915,1,1,1,1,2,46.0,,M,44.356,-0.236,330,2.0,524.0,0.0,,3,2,24.0,0.0,0,1,1,0,73,1,0,1,0
200500012521,5,3,17,1145,1,2,1,1,7,36.0,chemin de marmande,M,44.439,-0.208,330,4.0,0.0,0.0,,2,2,0.0,0.0,0,0,1,0,0,1,0,3,0
200500012522,5,3,23,1915,2,1,9,1,3,36.0,,M,44.42,-0.219,330,2.0,524.0,0.0,,3,2,0.0,0.0,0,3,2,60,40,1,5,1,0
200500012523,5,3,20,1445,1,1,1,1,7,289.0,,M,44.653,0.074,330,3.0,16.0,0.0,,2,0,5.0,55.0,0,2,2,0,70,1,0,3,0
200500012524,5,3,18,1300,1,1,1,1,2,429.0,,M,44.454,-0.419,330,3.0,3.0,0.0,,2,1,0.0,0.0,0,1,0,0,61,1,0,1,0
200500012525,5,3,20,730,1,1,1,1,7,202.0,,M,44.51,-0.718,330,3.0,3.0,0.0,,2,0,127.0,200.0,0,1,1,0,65,1,0,1,0
200500012526,5,3,30,1145,1,1,1,1,3,57.0,,M,0.0,0.0,330,3.0,127.0,0.0,D,2,2,0.0,0.0,0,1,1,0,52,2,0,1,0
200500012527,5,3,29,1600,1,2,1,1,6,240.0,Place de l'ï¿½glise,M,45.313,-0.937,330,4.0,0.0,0.0,,1,0,0.0,0.0,0,1,0,0,120,1,0,1,0
200500012528,5,3,2,1145,1,2,1,1,3,268.0,COURS DE LA MARNE,M,45.039,-0.681,330,4.0,0.0,0.0,,2,0,0.0,0.0,0,1,1,0,30,1,0,1,0
200500012529,5,3,5,1500,1,1,1,8,1,545.0,,M,0.0,0.0,330,3.0,204.0,0.0,,2,2,12.0,500.0,0,2,3,0,60,2,0,1,0
200500012530,5,3,17,1030,1,2,1,1,2,125.0,route du Paradis,M,0.0,0.0,330,3.0,205.0,0.0,,2,0,0.0,0.0,0,1,1,0,62,1,0,1,0
200500012531,5,3,2,1300,1,1,1,1,6,490.0,,M,45.46,-1.04,330,3.0,1.0,1.0,E,2,0,15.0,900.0,0,1,1,0,55,0,0,3,0
200500012532,5,3,8,1845,2,2,1,1,6,71.0,RUE EMMANUEL ROY,M,0.0,0.0,330,3.0,936.0,0.0,,2,0,0.0,0.0,0,1,1,0,68,1,0,1,0
200500012533,5,3,14,1330,1,2,1,1,3,147.0,le bourg - 33420 DAIGNAC,M,0.0,0.0,330,3.0,239.0,0.0,,2,0,0.0,0.0,0,3,1,0,70,1,0,1,3
200500012534,5,3,20,430,3,2,1,1,6,196.0,LE CLOS DE LA ROSE,M,0.0,0.0,330,3.0,122.0,0.0,,2,0,0.0,0.0,0,1,4,0,45,1,0,3,0
200500012535,5,3,2,1915,3,1,1,2,6,396.0,,M,44.882,-0.091,330,3.0,130.0,0.0,,2,1,8.0,0.0,0,1,1,47,50,2,0,0,0
200500012536,5,3,18,800,1,1,2,1,3,384.0,,M,44.896,-0.111,330,3.0,243.0,0.0,,2,1,0.0,0.0,0,1,1,0,0,1,0,1,0
200500012537,5,3,18,2130,5,2,1,1,6,108.0,Rue Michel Montaigne,M,0.0,0.0,330,3.0,936.0,0.0,,2,3,46.0,83.0,3,1,1,34,79,1,0,1,0
200500012538,5,3,19,1745,1,2,1,1,5,108.0,PONT DE PIERRE,M,0.0,0.0,330,3.0,17.0,0.0,,2,0,0.0,0.0,0,0,1,0,60,1,2,1,0
200500012539,5,3,20,1100,1,1,1,1,1,437.0,,M,0.0,0.0,330,3.0,130.0,0.0,,2,2,9.0,125.0,0,1,1,0,58,1,0,1,0
200500012540,5,3,11,2100,3,1,1,1,6,138.0,,M,0.0,0.0,330,4.0,0.0,0.0,,2,2,0.0,0.0,0,1,1,0,50,1,0,3,0
200500012541,5,3,16,1830,1,1,1,1,1,62.0,,M,45.0,-0.2,330,3.0,22.0,0.0,,0,2,39.0,900.0,0,1,2,0,60,1,0,1,0
200500012542,5,3,7,45,5,1,1,1,2,324.0,,M,44.846,0.241,330,3.0,936.0,0.0,,2,0,67.0,800.0,0,1,1,0,81,1,0,1,0
200500012543,5,3,25,1615,1,1,1,1,7,259.0,,M,44.98,-0.338,330,3.0,138.0,4.0,E,2,2,0.0,0.0,0,2,2,0,32,1,0,3,0
200500013713,5,3,23,1230,1,1,1,1,2,85.0,,M,0.0,0.0,330,4.0,0.0,0.0,,2,0,0.0,0.0,0,0,1,0,90,1,0,1,0
200500013729,5,3,9,1430,1,2,1,1,3,229.0,,M,44.706,-1.024,330,4.0,0.0,0.0,,2,0,0.0,0.0,0,1,1,0,39,1,0,1,0
200500013825,5,3,20,415,3,1,1,1,3,260.0,,M,44.486,-0.832,330,1.0,63.0,0.0,,3,0,42.0,70.0,0,1,1,300,70,1,0,1,0
200500013826,5,3,25,2200,3,1,1,1,6,284.0,,M,44.615,-1.02,330,1.0,660.0,0.0,A,3,2,8.0,400.0,0,1,1,10,72,2,0,1,0
200500013844,5,3,15,1600,1,1,1,1,1,122.0,,M,44.686,-0.723,330,2.0,10.0,0.0,,2,2,66.0,900.0,0,1,1,0,62,1,0,1,0
200500013846,5,3,21,400,3,1,1,8,2,382.0,,M,45.121,-0.486,330,1.0,10.0,0.0,,3,2,514.0,200.0,0,1,1,10,70,2,0,1,0
200500013945,5,3,21,600,3,1,1,1,6,191.0,,M,0.0,0.0,330,1.0,89.0,0.0,,3,0,53.0,100.0,3,1,1,15,75,1,0,2,0
200500015011,5,3,9,1810,1,2,2,1,3,529.0,"1, CARNOT (RUE DU PRESID",,,,330,4.0,0.0,0.0,,2,2,,,0,1,1,0,70,1,0,1,0
200500015012,5,3,15,1625,1,2,3,1,1,529.0,BISCAROSSE (AVE) DUNE VE,,,,330,3.0,0.0,0.0,,2,2,,,0,1,1,0,75,1,0,1,0
200500015013,5,3,17,1600,1,2,3,1,6,9.0,", GAMBETTA (AVE) DU 01 A",,,,330,4.0,0.0,0.0,,1,1,,,0,1,1,0,40,1,0,1,0
200500015014,5,3,12,1600,1,2,1,1,4,529.0,RN 250 (BONNEVAL -LA HUM,,,,330,2.0,0.0,0.0,,2,2,42.0,0.0,0,1,1,0,70,1,0,1,0
200500015015,5,3,12,1715,1,2,1,1,2,529.0,"25, LECLERC (AVE DU GAL)",,,,330,3.0,0.0,0.0,,2,2,,,0,1,1,0,80,1,0,1,0
200500015016,5,3,2,235,5,2,1,1,6,63.0,"258, WILSON (BD DU PRESI",,,,330,4.0,0.0,0.0,,2,4,,,1,1,1,23,145,1,0,1,0
200500015017,5,3,2,1100,1,2,2,1,3,63.0,ARGONNE (CRS DE L),,,,330,4.0,0.0,0.0,,1,1,,,2,0,1,0,72,1,4,1,0
200500015018,5,3,3,1640,1,2,1,2,6,63.0,"43, STEHELIN CAUD (RUE )",,,,330,4.0,0.0,0.0,,2,2,,,0,1,1,0,0,2,0,1,3
200500015019,5,3,2,1340,1,2,1,1,2,75.0,"120, MEDOC (RTE DU)",,,,330,4.0,0.0,0.0,,3,2,,,0,1,1,0,0,1,0,1,0
200500015020,5,3,2,2100,5,2,2,1,3,75.0,EUROPE (AVE DE L),,,,330,4.0,0.0,0.0,,2,3,,,1,1,0,185,82,1,0,1,0
200500015021,5,3,3,1935,5,2,7,1,6,63.0,BUISSON (PCE FERDINAND),,,,330,4.0,0.0,0.0,,1,2,,,0,1,1,0,0,1,0,1,0
200500015022,5,3,4,1520,1,2,2,1,3,63.0,LECLERC CAUD (AVE DU GEN,,,,330,4.0,0.0,0.0,,2,2,,,2,1,1,0,59,1,0,1,0
200500015023,5,3,7,1100,1,2,1,1,6,522.0,"1, GAMBETTA (CRS )",,,,330,4.0,0.0,0.0,,2,2,,,3,1,1,0,0,1,4,1,0
200500015024,5,3,7,1100,1,2,7,1,3,63.0,VERDUN (CRS DE),,,,330,4.0,0.0,0.0,,3,5,,,0,1,1,0,0,1,0,1,0
200500015025,5,3,7,1027,1,2,3,1,6,63.0,DESPAGNET (RUE FRANTZ),,,,330,4.0,0.0,0.0,,1,1,,,0,1,1,0,48,1,0,1,0
200500015026,5,3,7,745,1,2,2,1,3,281.0,MAGUDAS (AVE DE),,,,330,4.0,0.0,0.0,,2,3,,,0,1,1,0,89,1,0,1,0
200500015027,5,3,3,1500,1,2,3,1,3,318.0,LAFONTAINE (AVE FANNING),,,,330,4.0,0.0,0.0,,1,1,,,0,1,2,0,58,1,6,1,0
200500015028,5,3,1,1350,1,2,1,1,6,249.0,ALLENDE (AVE DU PDT SALV,,,,330,4.0,0.0,0.0,,3,2,,,0,1,1,29,75,1,0,1,0
200500015029,5,3,4,2040,5,2,2,1,3,69.0,CARNOT (AVE SADI) (3-71),,,,330,4.0,0.0,0.0,,2,2,,,0,1,1,0,60,1,0,1,0
200500015030,5,3,4,1220,1,2,3,1,3,39.0,BUISSON (RUE FERDINAND),,,,330,4.0,0.0,0.0,,2,2,,,0,1,1,0,87,1,0,1,0
200500015031,5,3,4,1836,2,2,2,1,3,522.0,TREMEUGE (RUE DE),,,,330,4.0,0.0,0.0,,2,2,,,0,1,1,0,80,1,0,1,3
200500015032,5,3,5,1429,1,2,1,1,5,192.0,GAULLE (CRS DU GENERAL D,,,,330,4.0,0.0,0.0,,3,5,,,2,1,0,30,150,2,0,1,0
200500015033,5,3,1,1625,1,2,2,1,3,522.0,PRESSENSE (RUE FRANCIS D,,,,330,4.0,0.0,0.0,,1,1,,,0,1,1,0,52,1,0,1,0
200500015034,5,3,10,1820,1,2,2,1,2,63.0,RESISTANCE (PCE MARTYRS,,,,330,4.0,0.0,0.0,,2,2,,,0,1,1,0,70,1,0,1,0
200500015035,5,3,10,2330,5,2,2,1,3,63.0,BLANQUI (RUE ),,,,330,4.0,0.0,0.0,,2,2,,,0,1,1,0,118,1,0,1,0
200500015036,5,3,3,1720,1,2,2,1,6,119.0,CURIE (RUE PIERRE),,,,330,4.0,0.0,0.0,,2,2,,,0,1,3,0,48,2,0,1,0
200500015037,5,3,4,1550,1,2,3,1,1,249.0,COPPINGER (RUE ),,,,330,4.0,0.0,0.0,,2,2,,,0,1,2,0,42,1,0,1,0
200500015038,5,3,9,955,1,2,1,1,3,318.0,"45, BEUTRE (AVE DE)",,,,330,4.0,0.0,0.0,,2,2,,,2,1,1,0,128,1,0,1,0
200500015039,5,3,11,205,5,2,1,1,6,119.0,CARNOT (AVE ),,,,330,4.0,0.0,0.0,,3,3,,,0,1,1,50,75,1,1,1,0
200500015040,5,3,11,1800,1,2,3,1,3,63.0,VERDUN (CRS DE),,,,330,4.0,0.0,0.0,,2,4,,,2,1,2,0,133,1,0,1,0
200500015041,5,3,11,1845,1,2,2,1,3,63.0,PELLEPORT (RUE ),,,,330,4.0,0.0,0.0,,1,1,,,2,1,1,0,80,1,0,1,0
200500015042,5,3,13,1440,1,2,2,1,3,63.0,MILLIERE (RUE ),,,,330,4.0,0.0,0.0,,1,1,,,0,1,1,0,46,1,0,1,0
200500015043,5,3,11,1845,1,2,1,1,3,192.0,GAULLE (CRS DU GENERAL D,,,,330,4.0,0.0,0.0,,2,2,,,3,1,1,0,104,1,0,1,0
200500015044,5,3,12,2320,5,2,1,1,3,522.0,SANGNIER (RUE MARC),,,,330,4.0,0.0,0.0,,2,2,,,0,1,3,0,78,1,0,1,0
200500015045,5,3,7,1640,1,2,1,1,2,522.0,TOUR (RUE DE LA VIEILLE),,,,330,4.0,0.0,0.0,,2,3,,,0,1,3,0,108,1,0,1,0
200500015046,5,3,10,1150,1,2,1,1,3,318.0,"28, SAIGE (AVE DE)",,,,330,4.0,0.0,0.0,,2,2,,,0,1,1,0,80,1,0,1,0
200500015047,5,3,14,1555,1,2,2,1,3,63.0,BONIE (RUE DES FRERES),,,,330,4.0,0.0,0.0,,2,2,,,3,1,1,0,60,1,0,1,0
200500015048,5,3,13,2035,5,2,3,1,3,69.0,LIBERATION-CH. DE GAULLE,,,,330,4.0,0.0,0.0,,2,3,,,0,1,1,0,110,1,0,1,0
200500015049,5,3,13,2300,5,2,3,1,3,39.0,LAURIOL (RUE DE),,,,330,4.0,0.0,0.0,,2,2,,,0,2,1,0,82,1,0,1,0
200500015050,5,3,17,910,1,2,2,1,3,63.0,REPUBLIQUE CAUD (AVE DE,,,,330,4.0,0.0,0.0,,1,3,,,0,1,1,0,80,1,0,1,0
200500015051,5,3,17,1450,1,2,1,1,3,63.0,"114, HUGO (CRS VICTOR)",,,,330,4.0,0.0,0.0,,2,4,,,3,1,1,0,125,1,0,1,0
200500015052,5,3,17,1755,1,2,3,1,3,63.0,BARTHOU CAUD (AVE LOUIS),,,,330,4.0,0.0,0.0,,2,0,,,0,1,1,0,60,1,0,1,0
200500015053,5,3,17,1750,1,2,1,1,3,39.0,"331, BOSC (BD JEAN-JACQU",,,,330,4.0,0.0,0.0,,2,2,,,1,1,1,0,105,1,0,1,0
200500015054,5,3,17,1640,1,2,1,1,6,63.0,"99, BRIAND (CRS ARISTIDE",,,,330,4.0,0.0,0.0,,2,2,,,1,1,1,0,120,1,0,1,0
200500015055,5,3,14,600,5,2,1,1,1,39.0,"4, COURREJEAN (RTE DE)",,,,330,4.0,0.0,0.0,,2,2,,,0,1,4,0,70,1,0,1,0
200500015056,5,3,18,810,1,2,2,1,3,63.0,TREBOD (RUE PIERRE),,,,330,4.0,0.0,0.0,,2,2,,,0,1,1,0,92,1,0,1,3
200500015057,5,3,18,1400,1,2,2,1,3,63.0,SOURDIS (RUE FRANCOIS DE,,,,330,4.0,0.0,0.0,,2,2,,,0,1,1,0,77,1,0,1,0
200500015058,5,3,18,1720,1,2,6,1,6,318.0,COHE (AVE ROGER),,,,330,4.0,0.0,0.0,,2,2,,,1,1,2,0,0,1,0,1,0
200500015059,5,3,19,630,5,2,2,1,3,63.0,CROIX BLANCHE (RUE DE LA,,,,330,4.0,0.0,0.0,,2,0,,,0,1,1,0,132,1,0,1,0
200500015060,5,3,19,1640,1,2,1,1,6,63.0,STALINGRAD (PCE DE),,,,330,9.0,0.0,0.0,,0,0,,,0,1,1,0,0,1,0,0,0
200500015061,5,3,20,900,1,2,2,1,3,63.0,MARNE (CRS DE LA),,,,330,4.0,0.0,0.0,,2,0,,,0,1,1,35,115,1,0,1,0
200500015062,5,3,20,1410,1,2,2,1,3,63.0,MOULIN (PCE JEAN),,,,330,4.0,0.0,0.0,,1,1,,,0,1,1,0,33,1,0,1,0
200500015063,5,3,15,1700,1,2,2,1,3,192.0,LOUSTALOT (RUE DE),,,,330,4.0,0.0,0.0,,2,2,,,0,1,0,0,68,1,0,1,0
200500015064,5,3,15,1930,1,2,2,1,3,522.0,GAMBETTA (CRS ),,,,330,4.0,0.0,0.0,,3,2,,,3,1,1,65,61,1,4,1,0
200500015065,5,3,21,1340,1,2,3,1,6,63.0,"40, ALBRET (CRS D)",,,,330,4.0,0.0,0.0,,2,4,,,0,1,0,0,128,2,0,1,0
200500015066,5,3,22,353,5,2,6,2,7,63.0,LABARDE (AVE DE),,,,330,4.0,0.0,0.0,,2,2,,,0,1,2,0,45,2,0,1,0
200500015067,5,3,18,1745,1,2,2,1,3,281.0,BRANLY (RUE ),,,,330,4.0,0.0,0.0,,2,2,,,0,1,0,0,62,1,0,1,0
200500015068,5,3,16,1350,1,2,1,1,2,249.0,LIBERATION (AVE DE LA),,,,330,4.0,0.0,0.0,,3,2,,,3,1,1,0,60,1,4,1,0
200500015069,5,3,22,1634,1,2,3,1,3,63.0,LECLERC (BD MARECHAL),,,,330,4.0,0.0,0.0,,3,5,,,2,1,1,14,152,1,0,1,0
200500015070,5,3,22,925,1,2,1,2,6,63.0,DESCHAMPS (QUAI ),,,,330,4.0,0.0,0.0,,3,4,,,3,1,1,0,66,2,0,1,0
200500015071,5,3,18,1930,2,2,1,1,3,63.0,PIERRE 1ER (BD ),,,,330,4.0,0.0,0.0,,3,4,,,2,1,1,6,112,1,0,1,0
200500015072,5,3,17,2015,5,2,1,1,1,318.0,"31, ROMAINVILLE (RUE DE)",,,,330,4.0,0.0,0.0,,2,2,,,0,1,0,0,70,1,0,1,0
200500015073,5,3,23,1100,1,2,2,1,3,63.0,DONISSAN (RUE ),,,,330,4.0,0.0,0.0,,1,1,,,0,1,1,0,50,1,0,1,0
200500015074,5,3,23,1415,1,2,1,1,3,63.0,"349, WILSON (BD DU PRESI",,,,330,4.0,0.0,0.0,,3,4,,,2,1,1,10,137,1,0,1,0
200500015075,5,3,23,1535,1,2,1,1,3,63.0,"145, GAULLE CAUD (AVE CH",,,,330,4.0,0.0,0.0,,2,3,,,0,1,1,0,90,1,0,1,3
200500015076,5,3,18,1645,1,2,1,1,3,522.0,NOAILLES (RUE PIERRE),,,,330,4.0,0.0,0.0,,2,2,,,0,4,1,0,79,1,0,1,0
200500015077,5,3,20,1840,1,2,1,1,2,39.0,"374, TOULOUSE (RTE DE)",,,,330,4.0,0.0,0.0,,2,2,,,0,1,1,0,116,1,0,1,0
200500015078,5,3,21,1435,1,2,2,1,1,281.0,LIBERATION (AVE DE LA),,,,330,4.0,0.0,0.0,,3,4,,,0,1,1,5,131,1,0,1,0
200500015079,5,3,22,845,1,2,2,1,1,39.0,MOGA (RUE DES FRERES),,,,330,4.0,0.0,0.0,,2,3,,,0,1,1,0,87,1,0,1,0
200500015080,5,3,21,1445,1,2,1,1,2,32.0,"56, FRANCAIS (QUAI )",,,,330,4.0,0.0,0.0,,3,4,,,0,1,2,15,140,1,4,1,0
200500015081,5,3,25,1953,5,2,1,1,3,63.0,"21, RESISTANCE (PCE MART",,,,330,4.0,0.0,0.0,,2,3,,,3,1,1,0,115,1,0,1,0
200500015082,5,3,26,220,5,2,1,1,6,63.0,"60, GEORGES (RUE DU PAS",,,,330,4.0,0.0,0.0,,1,1,,,0,1,1,0,30,1,0,1,0
200500015083,5,3,26,1635,1,2,2,2,3,63.0,PASTEUR (CRS ),,,,330,4.0,0.0,0.0,,2,4,,,3,1,1,0,107,2,0,1,0
200500015084,5,3,26,1820,1,2,2,1,3,63.0,GARNIER (RUE FRANCIS),,,,330,4.0,0.0,0.0,,2,2,,,0,1,1,0,0,1,0,1,0
200500015085,5,3,25,120,5,2,6,1,7,249.0,BICHON (QUAI CHAIGNEAU),,,,330,4.0,0.0,0.0,,2,2,,,0,1,1,0,0,1,0,1,0
200500015086,5,3,30,1140,1,2,1,2,6,63.0,"51, POYENNE (RUE )",,,,330,4.0,0.0,0.0,,1,1,,,0,1,0,0,32,2,0,4,0
200500015087,5,3,24,1535,1,2,1,1,1,281.0,"50, BEDAT (AVE DU)",,,,330,4.0,0.0,0.0,,2,0,,,0,1,1,0,54,1,0,1,0
200500015088,5,3,25,1410,1,2,1,1,3,281.0,"172, DASSAULT (AVE MARCE",,,,330,4.0,0.0,0.0,,2,0,,,0,1,1,0,70,1,0,1,0
200500015089,5,3,27,1310,1,2,2,1,3,281.0,POUCHON (CHEM DE),,,,330,4.0,0.0,0.0,,1,0,,,0,1,1,0,110,1,0,0,0
200500015090,5,3,31,750,1,2,1,1,3,63.0,"198, WILSON (BD DU PRESI",,,,330,4.0,0.0,0.0,,3,2,,,2,1,1,0,0,1,0,1,0
200500015091,5,3,31,850,1,2,1,1,5,63.0,"99, FONDAUDEGE (RUE )",,,,330,4.0,0.0,0.0,,1,5,,,2,1,1,0,69,1,0,1,0
200500015092,5,3,31,1650,1,2,2,1,1,63.0,"40, BRANDENBURG (BD ALBE",,,,330,4.0,0.0,0.0,,2,4,,,1,1,1,0,66,1,0,5,0
200500015093,5,3,31,2020,5,2,2,1,3,63.0,PORTAL (CRS ),,,,330,4.0,0.0,0.0,,2,4,,,0,1,1,0,0,1,0,1,0
200500015094,5,3,31,2120,5,2,1,1,6,63.0,"106, BRIAND (CRS ARISTID",,,,330,4.0,0.0,0.0,,2,3,,,0,1,1,0,85,1,0,1,0
200500015095,5,3,30,815,1,2,6,2,6,318.0,CANEJAN (AVE DE),,,,330,4.0,0.0,0.0,,2,2,,,0,1,3,0,0,2,0,1,0
200500015096,5,3,30,720,2,2,6,2,3,281.0,COTY (ALL PRESIDENT RENE,,,,330,4.0,0.0,0.0,,2,2,,,0,1,1,10,80,1,0,1,0
200500015097,5,3,29,730,2,2,2,1,3,522.0,"000, LIBERATION (CRS DE",,,,330,4.0,0.0,0.0,,2,3,,,0,1,1,0,107,2,0,1,0
200500015098,5,3,25,1715,1,2,3,1,3,318.0,LECLERC (AVE DU GENERAL),,,,330,4.0,0.0,0.0,,2,2,,,1,1,1,0,80,1,0,1,0
200500015099,5,3,31,735,2,2,3,5,3,39.0,BRAILLE (RUE LOUIS),,,,330,4.0,0.0,0.0,,2,2,,,0,1,1,0,57,1,0,1,0
200500015100,5,3,31,1725,1,2,3,1,3,522.0,CRESPY II 1 (RES ),,,,330,4.0,0.0,0.0,,2,2,,,0,1,1,0,31,1,0,1,0
200500015101,5,3,16,2005,5,2,3,1,6,243.0,"102, SAINT-EMILION(ROUTE",,,,330,4.0,0.0,0.0,,2,2,,,0,1,2,0,68,1,0,1,99
200500015102,5,3,23,1815,1,2,1,1,3,243.0,"69, GAULLE(AVENUE DU GEN",,,,330,3.0,0.0,0.0,,3,2,,,2,1,1,0,125,1,0,1,99
200500018129,5,3,3,513,5,1,1,8,7,318.0,ROCADE,,,,330,1.0,0.0,0.0,,1,2,20.0,850.0,0,4,2,0,70,2,3,3,0
200500018130,5,3,7,1115,1,1,1,1,6,39.0,ROCADE,,,,330,1.0,0.0,0.0,,3,6,33.0,700.0,0,2,2,15,210,1,0,1,99
200500018131,5,3,8,840,1,1,1,1,2,65.0,ROUTE NATIONALE,,,,330,2.0,0.0,0.0,,3,6,34.0,800.0,1,2,1,0,190,1,2,1,0