Num_Acc,an,mois,jour,hrmn,lum,agg,int,atm,col,com,adr,gps,lat,long,dep,catr,voie,v1,v2,circ,nbv,pr,pr1,vosp,prof,plan,lartpc,larrout,surf,infra,situ,env1
200500018132,5,3,8,1920,1,1,1,1,6,80.0,AUTOROUTE,,,,330,1.0,0.0,0.0,,3,4,5.0,0.0,0,1,1,50,140,1,0,1,0
200500018133,5,3,11,955,1,1,1,1,3,550.0,ROCADE,,,,330,1.0,0.0,0.0,,3,6,29.0,0.0,0,1,1,10,240,1,0,1,99
200500018134,5,3,12,1740,1,1,1,1,4,90.0,AUTOROUTE,,,,330,1.0,0.0,0.0,,3,4,5.0,400.0,0,1,1,30,140,1,0,1,99
200500018135,5,3,16,300,5,1,1,1,2,397.0,AUTOROUTE,,,,330,1.0,0.0,0.0,,3,6,540.0,860.0,0,1,1,10,210,1,0,1,0
200500018136,5,3,16,1132,1,1,1,1,6,249.0,ROUTE NATIONALE,,,,330,2.0,0.0,0.0,,1,2,44.0,0.0,0,1,3,0,70,1,3,3,0
200500018137,5,3,17,755,1,1,1,1,6,63.0,ROCADE,,,,330,1.0,0.0,0.0,,1,2,3.0,800.0,0,1,0,0,0,1,0,1,99
200500018138,5,3,18,715,1,1,1,1,6,90.0,AUTOROUTE,,,,330,1.0,0.0,0.0,,3,5,3.0,200.0,0,1,1,100,205,1,3,1,99
200500018139,5,3,19,1845,1,1,1,1,7,13.0,ROUTE NATIONALE,,,,330,1.0,0.0,0.0,,3,3,42.0,501.0,0,1,1,5,130,1,0,1,99
200500018140,5,3,20,1755,1,1,1,1,2,65.0,ROUTE NATIONALE,,,,330,1.0,0.0,0.0,,3,6,37.0,600.0,0,1,1,0,210,1,3,1,99
200500018141,5,3,22,1135,1,1,1,1,7,69.0,ROUTE NATIONALE,,,,330,2.0,0.0,0.0,,3,6,42.0,200.0,0,1,1,20,250,1,3,1,0
200500018142,5,3,14,1009,1,1,1,1,4,63.0,ROCADE,,,,330,1.0,0.0,0.0,,3,4,4.0,400.0,0,4,1,10,200,1,2,1,0
200500018143,5,3,24,2135,5,1,1,1,3,249.0,AUTOROUTE,,,,330,2.0,0.0,0.0,,1,2,44.0,0.0,0,0,0,0,210,1,3,1,0
200500018144,5,3,27,1300,1,1,1,2,3,167.0,ROUTE NATIONALE,,,,330,2.0,0.0,0.0,,3,7,39.0,455.0,0,3,2,20,275,2,3,1,0
200500018145,5,3,27,1815,1,1,1,2,3,550.0,ROCADE,,,,330,1.0,0.0,0.0,,3,7,31.0,350.0,0,1,2,20,295,2,3,1,0
200500018146,5,3,27,2150,5,1,1,2,6,249.0,ROUTE NATIONALE,,,,330,1.0,0.0,0.0,,3,6,44.0,100.0,0,1,3,50,210,2,3,2,0
200500018147,5,3,29,1335,1,1,1,2,6,366.0,AUTOROUTE,,,,330,1.0,0.0,0.0,,3,6,530.0,400.0,0,1,1,20,210,2,0,1,0
200500018148,5,3,30,1330,1,1,1,2,7,281.0,ROCADE,,,,330,1.0,0.0,0.0,,1,1,15.0,800.0,3,1,3,10,35,2,0,1,0
200500018308,5,3,24,1815,1,2,1,1,2,529.0,"20, VERDUN (AVE DE)",,,,330,4.0,0.0,0.0,,2,2,,,0,1,1,0,62,1,0,1,0
200500019418,5,4,30,704,2,2,6,1,3,529.0,RN 250 (OUSTALET - BONNE,,,,330,2.0,0.0,0.0,,2,2,41.0,800.0,0,1,1,0,70,1,0,1,0
200500019419,5,4,1,805,1,2,1,1,3,63.0,"37, CAPE CAUD (RUE DE LA",,,,330,4.0,0.0,0.0,,1,1,,,0,1,1,0,60,1,0,1,3
200500019420,5,4,1,1100,1,2,3,1,3,63.0,"37, HUGO (CRS VICTOR)",,,,330,4.0,0.0,0.0,,2,4,,,0,2,1,35,120,1,0,1,0
200500019421,5,4,1,1350,1,2,1,1,4,63.0,"40, BOSC (BD JEAN-JACQUE",,,,330,4.0,0.0,0.0,,3,4,,,1,1,1,3,70,1,0,1,0
200500019422,5,4,1,1825,1,2,2,1,2,63.0,"0000000000, TURENNE (RUE",,,,330,4.0,0.0,0.0,,1,1,,,0,1,1,0,50,1,0,1,0
200500019423,5,4,1,2220,5,2,1,1,6,63.0,"134, MEDOC (CRS DU)",,,,330,4.0,0.0,0.0,,2,2,,,0,1,1,0,0,1,0,1,0
200500019424,5,4,2,2050,5,2,1,1,6,63.0,"49, RICHELIEU (QUAI )",,,,330,4.0,0.0,0.0,,1,1,,,0,1,1,0,30,1,0,1,0
200500019425,5,4,3,2125,5,2,3,1,3,63.0,"41, HUGO (CRS VICTOR)",,,,330,4.0,0.0,0.0,,2,4,,,3,2,1,0,103,1,0,1,0
200500019426,5,4,1,1850,1,2,1,1,1,318.0,"97, CHAUMET (AVE ROGER)",,,,330,4.0,0.0,0.0,,2,2,,,0,1,1,0,130,1,0,1,0
200500019427,5,4,1,2100,5,2,1,1,6,318.0,TUILERANNE (AVE DE LA),,,,330,4.0,0.0,0.0,,2,2,,,0,1,1,13,130,1,0,4,0
200500019428,5,4,3,1335,1,2,1,1,3,318.0,"78, COHE (AVE ROGER)",,,,330,4.0,0.0,0.0,,2,2,,,0,1,1,0,80,1,0,1,0
200500019429,5,4,5,2200,5,2,3,1,3,63.0,SOMME (CRS DE LA),,,,330,4.0,0.0,0.0,,2,2,,,0,1,1,0,77,1,0,1,0
200500019430,5,4,3,1430,1,2,4,1,3,119.0,LAUTREC (RUE HENRI DE TO,,,,330,4.0,0.0,0.0,,1,1,,,0,1,1,0,61,1,0,1,0
200500019431,5,4,6,850,2,2,1,1,3,63.0,"165, LABARDE (AVE DE)",,,,330,4.0,0.0,0.0,,2,2,,,0,1,1,0,80,1,0,1,0
200500019432,5,4,7,2233,5,2,2,2,3,63.0,DAME (RUE NOTRE),,,,330,4.0,0.0,0.0,,1,1,,,0,1,1,0,52,2,0,1,0
200500019433,5,4,8,105,3,2,1,2,6,63.0,MARNE (CRS DE LA),,,,330,4.0,0.0,0.0,,2,4,,,3,1,1,0,120,2,0,1,0
200500019434,5,4,5,1610,1,2,2,1,3,39.0,BLERIOT (RUE LOUIS),,,,330,9.0,0.0,0.0,,2,2,,,0,1,1,0,80,1,0,1,0
200500019435,5,4,5,1625,1,2,1,1,3,63.0,"84, CHARTRONS (QUAI DES)",,,,330,4.0,0.0,0.0,,3,4,,,0,1,1,20,160,1,0,1,0
200500019436,5,4,9,425,5,2,1,1,3,63.0,"23, RICHELIEU (QUAI )",,,,330,4.0,0.0,0.0,,3,4,,,0,1,1,20,120,1,0,1,0
200500019437,5,4,10,240,5,2,2,1,3,63.0,RICHELIEU (QUAI ),,,,330,4.0,0.0,0.0,,1,1,,,0,2,0,0,35,1,0,1,0
200500019438,5,4,4,2310,3,2,1,2,1,75.0,PONTS (AVE DES 4),,,,330,4.0,0.0,0.0,,2,2,,,0,2,4,0,79,2,0,1,99
200500019439,5,4,7,1900,1,2,2,2,3,69.0,GAUTIER (RUE THEOPHILE),,,,330,4.0,0.0,0.0,,2,2,,,0,1,1,0,70,2,0,1,0
200500019440,5,4,8,855,1,2,2,1,3,63.0,HUGO (CRS VICTOR),,,,330,4.0,0.0,0.0,,3,4,,,0,1,1,20,118,2,0,1,0
200500019441,5,4,8,1709,1,2,1,2,6,63.0,"01, SCHUMAN (RUE ROBERT)",,,,330,4.0,0.0,0.0,,2,2,,,0,1,1,0,89,2,0,1,0
200500019442,5,4,9,1125,1,2,1,1,2,63.0,"18, JUIN (CRS MARECHAL)",,,,330,4.0,0.0,0.0,,3,2,,,3,1,2,0,60,1,4,1,0
200500019443,5,4,9,1928,1,2,1,1,2,63.0,"138, ARGONNE (CRS DE L)",,,,330,4.0,0.0,0.0,,1,1,,,3,1,1,0,28,1,4,1,0
200500019444,5,4,6,900,1,2,2,1,3,39.0,BOSC (BD JEAN-JACQUES),,,,330,4.0,0.0,0.0,,2,3,,,2,2,1,0,133,1,0,1,99
200500019445,5,4,12,820,1,2,1,1,5,63.0,CROIX (QUAI SAINTE-),,,,330,4.0,0.0,0.0,,2,6,,,2,1,1,0,0,1,0,1,0
200500019446,5,4,12,805,1,2,1,1,6,63.0,"112, GODARD (RUE CAMILLE",,,,330,4.0,0.0,0.0,,2,2,,,0,1,1,0,78,1,0,1,0
200500019447,5,4,12,825,1,2,1,1,4,63.0,"246, GODARD (BD )",,,,330,4.0,0.0,0.0,,2,4,,,2,1,1,10,60,1,0,1,0
200500019448,5,4,7,1705,1,2,3,2,6,249.0,VINCENT (AVE DU PROFESSE,,,,330,4.0,0.0,0.0,,2,2,,,0,2,1,0,58,2,0,1,0
200500019449,5,4,11,1010,1,2,1,1,4,119.0,KENNEDY (AVE DU PRESIDEN,,,,330,4.0,0.0,0.0,,2,4,,,1,1,1,10,180,1,0,1,0
200500019450,5,4,11,1405,1,2,1,1,2,63.0,CURIE (BD JOLIOT),,,,330,4.0,0.0,0.0,,3,5,,,0,1,3,0,0,1,0,1,0
200500019451,5,4,12,2000,2,2,2,1,3,550.0,TOULOUSE (RTE DE),,,,330,4.0,0.0,0.0,,2,2,,,0,1,1,15,99,1,0,1,0
200500019452,5,4,7,755,1,2,2,3,6,522.0,ANDRE (RUE DU GENERAL),,,,330,4.0,0.0,0.0,,2,2,,,0,1,1,0,62,2,0,1,3
200500019453,5,4,15,1105,1,2,3,1,3,281.0,ARES (AVE D),,,,330,4.0,0.0,0.0,,2,2,,,0,1,1,0,80,1,0,1,0
200500019454,5,4,12,920,1,2,2,1,3,550.0,TOULOUSE (RTE DE),,,,330,4.0,0.0,0.0,,3,5,,,0,1,1,8,157,1,0,1,0
200500019455,5,4,15,750,1,2,2,1,3,63.0,PASTEUR CAUD (RUE ),,,,330,4.0,0.0,0.0,,2,2,,,2,1,1,0,130,1,0,1,0
200500019456,5,4,15,1115,1,2,1,1,4,63.0,"100, GEORGE V (BD )",,,,330,4.0,0.0,0.0,,3,4,,,2,1,1,0,143,1,0,1,0
200500019457,5,4,15,1215,1,2,1,1,1,63.0,"137, CHARTRONS (QUAI DES",,,,330,4.0,0.0,0.0,,2,2,,,0,1,1,0,60,1,0,1,0
200500019458,5,4,16,1350,1,2,2,1,3,63.0,DONISSAN (RUE ),,,,330,4.0,0.0,0.0,,1,1,,,0,1,1,0,30,1,0,1,0
200500019459,5,4,16,1545,1,2,2,2,6,63.0,YSER (CRS DE L),,,,330,4.0,0.0,0.0,,2,3,,,0,1,1,0,0,2,0,1,0
200500019460,5,4,16,1428,1,2,1,1,3,63.0,"57, MEDOC (CRS DU)",,,,330,4.0,0.0,0.0,,2,3,,,2,1,1,0,90,1,0,2,0
200500019461,5,4,15,1410,1,2,1,2,6,318.0,"7, TRENDEL (RUE GEORGES)",,,,330,4.0,0.0,0.0,,2,2,,,0,1,3,0,68,2,0,4,0
200500019462,5,4,15,1450,1,2,3,2,3,318.0,GENEVE (AVE DE),,,,330,4.0,0.0,0.0,,2,2,,,0,1,1,0,67,2,0,1,0
200500019463,5,4,19,2330,5,2,2,2,3,63.0,MARNE (CRS DE LA),,,,330,4.0,0.0,0.0,,2,4,,,0,1,1,0,120,2,0,1,0
200500019464,5,4,13,915,1,2,2,1,3,550.0,BRIAND (PCE ARISTIDE),,,,330,4.0,0.0,0.0,,2,2,,,0,1,1,0,73,1,0,1,0
200500019465,5,4,20,1435,1,2,2,1,6,63.0,PEYRONNET (RUE ),,,,330,4.0,0.0,0.0,,1,3,,,0,1,1,0,76,1,0,1,99
200500019466,5,4,20,1820,1,2,1,1,3,63.0,"120, ADOUR CAUD (RUE BER",,,,330,4.0,0.0,0.0,,1,1,,,2,1,1,0,32,1,0,1,0
200500019467,5,4,20,840,1,2,3,2,3,63.0,SCHRADER (RUE FRANTZ),,,,330,4.0,0.0,0.0,,1,1,,,0,1,1,0,37,2,0,1,0
200500019468,5,4,19,1525,1,2,2,1,3,63.0,JUDAIQUE (RUE ),,,,330,4.0,0.0,0.0,,1,1,,,2,1,1,0,57,1,0,1,0
200500019469,5,4,13,1815,1,2,1,1,1,192.0,"25, GAULLE (CRS DU GENER",,,,330,4.0,0.0,0.0,,3,4,,,2,1,1,8,126,1,0,1,0
200500019470,5,4,21,2010,1,2,2,1,1,63.0,BEGLES (RUE DE),,,,330,4.0,0.0,0.0,,2,2,,,0,1,1,0,54,1,0,1,0
200500019471,5,4,23,400,5,2,3,1,3,63.0,GAUTIER (BD ANTOINE),,,,330,4.0,0.0,0.0,,3,6,,,0,1,1,0,0,2,0,1,0
200500019472,5,4,22,2240,5,2,1,2,6,63.0,RICHELIEU (QUAI ),,,,330,4.0,0.0,0.0,,3,6,,,3,1,1,0,0,2,0,1,0
200500019473,5,4,20,1805,1,2,3,1,2,192.0,GAULLE (CRS DU GENERAL D,,,,330,4.0,0.0,0.0,,2,3,,,2,1,1,0,127,1,0,1,0
200500019474,5,4,20,1950,1,2,2,1,3,522.0,LIBERATION (CRS DE LA),,,,330,4.0,0.0,0.0,,3,5,,,2,1,1,66,235,1,0,1,0
200500019475,5,4,25,1647,1,2,1,1,6,167.0,"9, GUYON (RUE JEAN RAYMO",,,,330,6.0,0.0,0.0,,1,1,,,0,1,1,19,99,1,0,1,3
200500019476,5,4,26,750,1,2,1,1,6,63.0,"23, GOUBEAU (RUE )",,,,330,4.0,0.0,0.0,,1,1,,,0,1,1,0,68,1,0,1,0
200500019477,5,4,26,950,1,2,2,1,3,63.0,HUGO (CRS VICTOR),,,,330,4.0,0.0,0.0,,2,4,,,0,1,1,0,140,1,0,1,0
200500019478,5,4,12,1805,1,2,1,1,6,249.0,"12, COCTEAU (AVE JEAN)",,,,330,4.0,0.0,0.0,,2,2,,,0,1,1,0,84,1,0,1,0
200500019479,5,4,15,740,1,2,2,1,3,167.0,MASSENET (RUE ),,,,330,4.0,0.0,0.0,,2,2,,,0,1,1,0,164,1,0,1,0
200500019480,5,4,15,2140,5,2,2,1,1,249.0,TABERNOTTES (RUE DES),,,,330,4.0,0.0,0.0,,2,2,,,0,2,1,0,0,1,0,1,0
200500019481,5,4,19,630,2,2,1,3,3,249.0,CHAMPS (AVE DES),,,,330,4.0,0.0,0.0,,2,2,,,0,2,3,0,680,2,0,1,0
200500019482,5,4,19,1135,1,2,2,1,3,281.0,PYTHAGORE (AVE ),,,,330,4.0,0.0,0.0,,2,4,,,0,1,1,0,38,2,0,1,0
200500019483,5,4,20,1115,1,2,2,1,6,39.0,SALENGRO (AVE ROGER),,,,330,4.0,0.0,0.0,,2,2,,,0,1,1,0,56,2,0,1,0
200500019484,5,4,22,1605,1,2,1,1,2,281.0,DASSAULT (AVE MARCEL),,,,330,4.0,0.0,0.0,,2,3,,,2,1,1,0,125,1,0,1,0
200500019485,5,4,22,2110,5,2,1,1,6,32.0,"8, SOMME (AVE DE LA)",,,,330,4.0,0.0,0.0,,3,2,,,1,1,3,90,89,2,0,1,0
200500019486,5,4,23,1508,1,2,1,1,3,119.0,JAURES (AVE JEAN),,,,330,4.0,0.0,0.0,,1,4,,,1,1,1,0,0,1,4,1,0
200500019487,5,4,26,1540,1,2,1,1,6,318.0,CHATAIGNERAIE (AVE DE LA,,,,330,4.0,0.0,0.0,,2,2,,,0,1,1,0,109,1,0,1,0
200500019488,5,4,28,1050,1,2,3,1,3,63.0,FRAGONARD CAUD (RUE ),,,,330,4.0,0.0,0.0,,2,2,,,0,1,2,0,60,1,0,1,0
200500019489,5,4,28,1315,1,2,2,1,3,63.0,BOUDET (RUE ),,,,330,4.0,0.0,0.0,,1,1,,,0,1,1,0,42,1,0,1,0
200500019490,5,4,28,1730,1,2,1,1,3,63.0,"174, PASTEUR CAUD (RUE )",,,,330,4.0,0.0,0.0,,2,2,,,2,1,1,0,72,1,0,1,0
200500019491,5,4,27,815,1,2,3,1,3,69.0,COMBES (RUE EMILE),,,,330,4.0,0.0,0.0,,2,2,,,0,1,1,0,60,1,0,1,0
200500019492,5,4,26,1825,1,2,1,1,6,119.0,SCHWOB (AVE ROGER),,,,330,4.0,0.0,0.0,,2,2,,,3,1,1,0,161,1,0,1,0
200500019493,5,4,28,1400,1,2,1,1,6,119.0,"52, BARBUSSE (RUE HENRI)",,,,330,4.0,0.0,0.0,,1,1,,,0,1,1,0,50,1,0,0,0
200500019494,5,4,28,1730,1,2,3,1,3,249.0,MENDES-FRANCE (RUE PIERR,,,,330,4.0,0.0,0.0,,2,2,,,2,1,1,0,119,1,0,1,0
200500019495,5,4,4,1310,1,2,6,1,6,63.0,GAMBETTA (PCE ),,,,330,4.0,0.0,0.0,,1,3,,,0,1,2,0,140,1,0,1,0
200500019496,5,4,30,5,4,2,2,1,3,63.0,KLEBER (RUE ),,,,330,4.0,0.0,0.0,,1,1,,,2,1,1,0,50,1,0,1,0
200500019497,5,4,30,1420,1,2,4,1,3,63.0,DOMERCQ (RUE CHARLES),,,,330,4.0,0.0,0.0,,3,2,,,2,1,3,10,65,1,0,1,0
200500019498,5,4,30,1700,1,2,2,1,1,69.0,ARNOZAN (RUE DU PROFESSE,,,,330,4.0,0.0,0.0,,2,2,,,0,1,1,0,75,1,0,1,0
200500019499,5,4,29,755,1,2,4,7,6,69.0,BERT (RUE PAUL),,,,330,4.0,0.0,0.0,,2,4,,,0,1,3,0,0,1,0,1,0
200500019500,5,4,29,1730,1,2,3,1,3,281.0,LECLERC (AVE DU MARECHAL,,,,330,4.0,0.0,0.0,,1,1,,,0,1,1,0,82,1,0,1,0
200500022588,5,4,1,425,4,1,1,1,7,249.0,ROUTE NATIONALE,,,,330,2.0,0.0,0.0,,1,2,44.0,100.0,0,1,3,0,70,1,3,1,0
200500022589,5,4,1,715,2,1,1,1,2,249.0,ROCADE,,,,330,1.0,0.0,0.0,,3,3,0.0,800.0,0,1,3,10,105,1,3,1,0
200500022590,5,4,3,1748,1,1,1,1,1,281.0,ROCADE,,,,330,1.0,0.0,0.0,,3,4,17.0,230.0,0,1,1,90,280,1,3,1,99
200500022591,5,4,4,1548,1,1,1,8,2,39.0,ROCADE,,,,330,1.0,0.0,0.0,,3,8,33.0,300.0,0,1,1,20,280,1,0,1,99
200500022592,5,4,5,1018,1,1,1,1,2,249.0,ROCADE,,,,330,1.0,0.0,0.0,,3,6,0.0,100.0,0,1,1,10,270,1,3,1,99
200500022593,5,4,5,1338,1,1,1,1,6,39.0,ROCADE,,,,330,1.0,0.0,0.0,,3,8,33.0,300.0,0,1,1,10,340,1,0,1,0
200500022594,5,4,8,830,1,1,1,2,6,39.0,ROCADE,,,,330,1.0,0.0,0.0,,0,2,34.0,200.0,0,1,0,0,70,2,3,1,99
200500022595,5,4,9,1920,1,1,1,1,6,550.0,ROCADE,,,,330,1.0,0.0,0.0,,3,6,31.0,250.0,0,1,1,10,240,1,0,1,99
200500022596,5,4,11,1520,1,1,1,1,3,13.0,ROUTE NATIONALE,,,,330,2.0,0.0,0.0,,1,6,42.0,550.0,0,2,3,10,270,1,3,1,0
200500022597,5,4,11,1712,1,1,1,1,4,192.0,AUTOROUTE,,,,330,1.0,0.0,0.0,,3,4,1.0,50.0,0,1,1,20,200,1,0,1,3
200500022598,5,4,13,810,1,1,1,1,4,192.0,ROCADE,,,,330,1.0,0.0,0.0,,3,6,26.0,300.0,0,1,1,20,280,1,0,1,0
200500022599,5,4,14,1805,1,1,1,8,7,162.0,ROCADE,,,,330,1.0,0.0,0.0,,3,4,11.0,300.0,0,1,1,60,250,1,0,1,99
200500022600,5,4,14,2045,5,1,1,2,2,39.0,ROCADE,,,,330,1.0,0.0,0.0,,1,2,33.0,200.0,0,1,1,0,95,2,3,1,99
200500022601,5,4,16,1304,1,1,1,1,3,535.0,ROUTE NATIONALE,,,,330,1.0,0.0,0.0,,3,6,38.0,200.0,0,2,3,20,280,1,0,1,0
200500022602,5,4,17,1905,1,1,1,1,4,550.0,ROCADE,,,,330,1.0,0.0,0.0,,3,6,31.0,0.0,0,1,1,35,295,2,0,1,0
200500022603,5,4,18,830,1,1,1,2,2,75.0,ROCADE,,,,330,1.0,0.0,0.0,,3,4,9.0,900.0,0,1,1,50,240,2,0,1,99
200500022604,5,4,21,1430,1,1,1,1,6,249.0,ROUTE NATIONALE,,,,330,2.0,0.0,0.0,,3,2,44.0,100.0,0,1,3,0,100,1,3,1,99
200500022605,5,4,21,1630,1,1,1,1,5,249.0,ROCADE,,,,330,1.0,0.0,0.0,,3,4,0.0,900.0,0,1,1,15,215,1,0,1,99
200500022606,5,4,22,1430,1,1,1,3,6,550.0,AUTOROUTE,,,,330,1.0,0.0,0.0,,3,1,0.0,100.0,0,2,2,0,55,2,3,1,99
200500022607,5,4,22,2025,2,1,1,2,6,143.0,AUTOROUTE,,,,330,1.0,0.0,0.0,,3,6,533.0,500.0,0,1,1,20,280,2,0,0,99
200500022608,5,4,23,640,2,1,1,8,5,69.0,ROUTE NATIONALE,,,,330,2.0,0.0,0.0,,3,8,42.0,400.0,0,1,1,10,330,1,3,1,99
200500022609,5,4,24,1635,1,1,1,2,6,550.0,ROCADE,,,,330,1.0,0.0,0.0,,3,2,31.0,0.0,0,1,2,0,70,2,3,1,99
200500022610,5,4,25,748,1,1,1,2,5,249.0,ROCADE,,,,330,1.0,0.0,0.0,,3,6,1.0,200.0,0,1,1,10,210,1,0,1,99
200500022611,5,4,25,950,1,1,1,2,6,249.0,ROUTE NATIONALE,,,,330,2.0,0.0,0.0,,3,2,42.0,700.0,0,1,3,0,95,2,3,1,99
200500022612,5,4,26,805,1,1,1,1,7,39.0,ROCADE,,,,330,1.0,0.0,0.0,,3,6,33.0,800.0,0,1,1,10,270,1,0,1,99
200500022613,5,4,26,1430,1,1,1,1,4,63.0,ROCADE,,,,330,1.0,0.0,0.0,,3,4,3.0,600.0,0,2,1,10,150,1,2,1,99
200500022614,5,4,29,1000,1,1,1,1,4,63.0,ROCADE,,,,330,1.0,0.0,0.0,,3,4,4.0,0.0,0,2,1,5,145,1,2,1,99
200500023200,5,4,26,1815,1,2,1,1,3,19.0,ROUTE DE BORDEAUX,M,44.695,-0.995,330,3.0,5.0,5.0,E,2,2,0.0,0.0,0,1,1,0,61,1,0,1,0
200500023201,5,4,29,1600,1,1,1,1,3,284.0,,M,44.625,-0.952,330,3.0,3.0,0.0,,2,2,21.0,0.0,0,1,1,0,75,1,0,1,0
200500023202,5,4,8,1645,1,1,1,1,7,519.0,,M,0.0,0.0,330,4.0,0.0,0.0,,2,0,0.0,0.0,0,1,1,0,66,2,0,1,0
200500023203,5,4,9,1730,2,2,1,1,1,56.0,boulevard Victor Hugo,M,0.0,0.0,330,4.0,0.0,0.0,,2,0,0.0,0.0,0,1,1,0,89,2,5,1,3
200500023204,5,4,30,2115,5,2,1,1,6,236.0,ROUTE DU MOULIN,M,44.799,-1.137,330,3.0,4.0,3.0,D,2,2,0.0,0.0,0,1,1,0,66,1,5,1,0
200500023205,5,4,25,1700,1,1,1,1,2,422.0,,M,44.818,-0.734,330,3.0,106.0,0.0,,2,2,12.0,700.0,0,1,1,73,73,1,0,1,0
200500023206,5,4,27,1700,1,2,1,1,6,200.0,243 AVENUE PASTEUR,M,0.0,0.0,330,3.0,6.0,6.0,D,0,0,0.0,0.0,3,1,1,0,0,1,0,1,0
200500023207,5,4,29,1715,1,1,9,1,2,200.0,,M,0.0,0.0,330,3.0,211.0,0.0,,0,2,0.0,0.0,0,0,1,0,97,1,0,1,0
200500023208,5,4,2,515,3,1,1,1,6,47.0,,,,,330,3.0,22.0,0.0,,2,0,7.0,100.0,0,0,2,0,70,1,0,1,0
200500023209,5,4,30,1100,1,1,1,1,3,551.0,,M,45.094,-0.638,330,3.0,669.0,0.0,,2,0,0.0,0.0,0,0,1,0,0,1,0,1,0
200500023210,5,4,17,1730,1,2,1,1,2,433.0,45 AVENUE PASTEUR,M,0.0,0.0,330,3.0,242.0,0.0,,2,0,0.0,0.0,0,0,1,0,63,1,0,1,0
200500023211,5,4,29,845,1,2,1,1,6,463.0,RN113,M,0.0,0.0,330,2.0,113.0,0.0,,2,2,22.0,50.0,0,3,2,0,80,1,0,1,0
200500023212,5,4,7,1545,1,1,1,2,6,109.0,,M,44.699,-0.491,330,2.0,113.0,0.0,,2,0,54.0,900.0,0,1,0,0,0,2,0,1,0
200500023213,5,4,27,1730,1,2,1,1,3,23.0,avenue gï¿½nï¿½ral de gaulle,M,44.715,-0.478,330,3.0,214.0,0.0,,2,2,18.0,0.0,0,2,1,0,56,1,0,1,0
200500023214,5,4,19,1615,1,2,1,1,6,311.0,Avenue du Chï¿½ne vert,M,0.0,0.0,330,3.0,10.0,0.0,,2,0,0.0,0.0,0,1,1,0,90,1,0,1,0
200500023215,5,4,17,1200,1,2,1,1,3,80.0,RN113,M,0.0,0.0,330,2.0,113.0,0.0,,2,0,62.0,500.0,0,1,1,0,70,1,5,1,0
200500023216,5,4,13,1400,1,1,1,1,1,334.0,,M,0.0,0.0,330,3.0,115.0,0.0,,2,2,75.0,840.0,0,1,1,0,77,1,5,1,0
200500023217,5,4,30,245,5,2,1,1,3,366.0,avenue de l'Europe,M,0.0,0.0,330,3.0,248.0,0.0,,2,2,0.0,0.0,0,1,1,0,180,1,5,1,0
200500023218,5,4,30,1530,1,1,1,1,1,195.0,,M,44.402,-0.027,330,3.0,655.0,5.0,E,2,2,4.0,20.0,0,2,2,0,66,1,0,1,0
200500023219,5,4,29,1030,1,1,1,1,7,484.0,,M,44.449,-0.527,330,3.0,115.0,0.0,,2,2,107.0,700.0,0,1,2,0,63,9,0,1,0
200500023220,5,4,29,1730,1,2,1,1,6,177.0,1 rue de l'ï¿½glise,M,45.331,-0.963,330,3.0,2.0,0.0,,2,2,0.0,0.0,0,1,1,0,60,1,0,1,0
200500023221,5,4,1,1630,1,1,1,1,6,256.0,,M,0.0,0.0,330,3.0,209.0,0.0,,2,2,0.0,0.0,0,1,1,0,52,1,0,3,0
200500023222,5,4,14,1415,1,1,9,2,3,12.0,,M,44.969,-0.717,330,3.0,1.0,0.0,,0,0,0.0,0.0,0,0,0,0,0,0,0,0,0
200500023223,5,4,29,2345,5,2,1,1,6,256.0,40 avenue du XI novembre,M,0.0,0.0,330,3.0,210.0,0.0,,2,2,7.0,0.0,0,1,1,0,60,1,0,4,0
200500023224,5,4,18,730,2,1,1,2,6,52.0,,M,0.0,0.0,330,3.0,910.0,0.0,,2,0,16.0,500.0,0,1,1,0,70,0,0,1,0