Num_Acc,an,mois,jour,hrmn,lum,agg,int,atm,col,com,adr,gps,lat,long,dep,catr,voie,v1,v2,circ,nbv,pr,pr1,vosp,prof,plan,lartpc,larrout,surf,infra,situ,env1
200500037439,5,6,1,700,1,1,1,1,2,474.0,AUTOROUTE,,,,330,1.0,0.0,0.0,,3,4,14.0,500.0,0,1,1,50,140,1,0,1,0
200500037440,5,6,2,1840,1,1,1,1,2,318.0,ROCADE,,,,330,1.0,0.0,0.0,,3,4,20.0,0.0,0,1,1,50,140,1,0,1,0
200500037441,5,6,3,1825,1,1,1,1,2,90.0,AUTOROUTE,,,,330,1.0,0.0,0.0,,3,4,2.0,0.0,0,1,1,20,140,1,0,1,0
200500037442,5,6,16,1450,1,1,1,1,5,487.0,AUTOROUTE,,,,330,1.0,0.0,0.0,,3,6,534.0,550.0,0,1,1,10,270,1,0,1,0
200500037443,5,6,8,2125,1,1,1,1,2,39.0,ROUTE NATIONALE,,,,330,2.0,0.0,0.0,,3,5,34.0,250.0,0,1,1,10,175,1,2,1,0
200500037444,5,6,10,2010,1,1,1,1,3,487.0,AUTOROUTE,,,,330,1.0,0.0,0.0,,3,6,535.0,300.0,0,1,1,10,210,1,0,1,0
200500037445,5,6,11,355,3,1,1,1,2,122.0,AUTOROUTE,,,,330,1.0,0.0,0.0,,3,4,11.0,40.0,0,1,1,60,250,1,0,1,99
200500037446,5,6,12,520,5,1,1,1,3,281.0,ROCADE,,,,330,1.0,0.0,0.0,,3,4,18.0,923.0,0,1,1,70,260,1,0,1,99
200500037447,5,6,12,1250,1,1,1,1,7,122.0,AUTOROUTE,,,,330,1.0,0.0,0.0,,3,4,8.0,200.0,0,1,1,50,140,1,3,3,0
200500037448,5,6,13,1815,1,1,1,1,2,69.0,ROUTE NATIONALE,,,,330,2.0,0.0,0.0,,3,6,41.0,500.0,0,1,1,10,210,1,0,1,0
200500037449,5,6,16,825,1,1,1,1,3,318.0,ROCADE,,,,330,1.0,0.0,0.0,,3,4,24.0,500.0,0,1,1,60,280,1,0,1,99
200500037450,5,6,18,1935,1,1,1,1,2,192.0,ROCADE,,,,330,1.0,0.0,0.0,,3,4,25.0,300.0,0,1,1,50,240,1,3,1,99
200500037451,5,6,22,710,1,1,1,1,6,90.0,AUTOROUTE,,,,330,1.0,0.0,0.0,,3,4,3.0,200.0,0,1,1,50,230,1,0,1,99
200500037452,5,6,22,1325,1,1,1,1,2,96.0,AUTOROUTE,,,,330,1.0,0.0,0.0,,3,8,542.0,484.0,0,1,1,10,340,1,3,1,99
200500037453,5,6,23,930,1,1,1,1,4,550.0,AUTOROUTE,,,,330,1.0,0.0,0.0,,3,4,0.0,440.0,0,1,1,10,200,1,0,1,99
200500037454,5,6,24,1820,1,1,1,1,5,550.0,ROCADE,,,,330,1.0,0.0,0.0,,3,6,31.0,200.0,0,1,1,10,270,1,0,1,99
200500037455,5,6,25,440,5,1,1,2,6,397.0,AUTOROUTE,,,,330,1.0,0.0,0.0,,3,6,541.0,0.0,0,1,1,15,265,2,0,1,99
200500037456,5,6,27,2125,2,1,1,3,6,39.0,ROCADE,,,,330,1.0,0.0,0.0,,3,2,33.0,0.0,0,1,4,0,95,2,3,1,99
200500037457,5,6,28,1425,1,1,1,1,3,249.0,ROUTE NATIONALE,,,,330,2.0,0.0,0.0,,3,6,42.0,700.0,0,1,1,10,270,1,0,1,99
200500037458,5,6,29,910,1,1,1,1,2,192.0,ROCADE,,,,330,1.0,0.0,0.0,,3,6,25.0,700.0,0,1,1,10,270,1,0,1,99
200500037459,5,6,30,805,1,1,1,1,2,281.0,ROCADE,,,,330,1.0,0.0,0.0,,3,4,15.0,500.0,0,1,1,60,250,1,0,1,99
200500038180,5,6,1,2030,1,2,1,1,2,162.0,201 AVENUE DU MEDOC,M,0.0,0.0,330,2.0,215.0,0.0,,2,2,1.0,900.0,2,1,1,0,103,1,0,1,0
200500038181,5,6,24,545,1,2,1,1,2,162.0,61 avenue du medoc,M,0.0,0.0,330,3.0,215.0,0.0,,2,3,0.0,0.0,0,2,1,0,110,1,5,1,0
200500038182,5,6,9,715,1,1,1,1,7,273.0,,M,44.839,-0.795,330,3.0,106.0,0.0,,2,2,14.0,100.0,0,1,1,0,60,1,0,1,0
200500038183,5,6,11,1130,1,1,1,1,3,200.0,,M,0.0,0.0,330,3.0,211.0,0.0,,3,4,0.0,0.0,0,1,1,10,187,1,0,1,0
200500038184,5,6,23,800,1,2,1,1,1,449.0,Rue Maizonnobe,M,0.0,0.0,330,3.0,107.0,0.0,,2,2,0.0,0.0,2,1,3,0,133,1,0,1,0
200500038185,5,6,19,1845,1,1,1,1,7,551.0,,M,0.0,0.0,330,3.0,669.0,0.0,,2,2,0.0,0.0,0,0,1,62,0,1,0,1,0
200500038186,5,6,19,2145,1,1,1,1,7,326.0,,M,45.33,-0.579,330,2.0,137.0,0.0,,2,0,0.0,0.0,0,0,2,0,0,1,0,1,0
200500038187,5,6,30,1430,1,1,1,1,6,326.0,,M,45.335,-0.577,330,2.0,137.0,0.0,,2,0,0.0,0.0,0,3,3,0,71,1,0,0,0
200500038188,5,6,19,1915,1,1,1,1,3,253.0,,M,0.0,0.0,330,3.0,10.0,0.0,,2,0,0.0,0.0,3,1,2,10,116,1,5,1,0
200500038189,5,6,2,1700,1,2,1,1,2,483.0,Avenue LAGRAULA,M,44.917,-0.391,330,4.0,0.0,0.0,,2,0,0.0,0.0,0,1,1,0,60,1,0,1,0
200500038190,5,6,9,815,1,1,1,1,3,496.0,,M,44.82,-0.39,330,3.0,671.0,0.0,,2,2,0.0,0.0,0,4,1,0,60,1,0,1,0
200500038191,5,6,13,1045,1,1,6,1,6,535.0,,M,44.84,-0.49,330,3.0,936.0,0.0,,0,0,0.0,0.0,0,0,1,0,0,1,5,1,0
200500038192,5,6,30,1810,1,1,1,8,3,274.0,route Jean De Ramon,M,0.0,0.0,330,4.0,207.0,0.0,,2,2,0.0,0.0,0,1,3,0,40,1,0,1,0
200500038193,5,6,16,1815,1,2,1,1,1,327.0,,M,44.655,-0.358,330,9.0,0.0,0.0,,2,2,0.0,0.0,0,1,0,0,40,1,0,1,0
200500038194,5,6,19,1630,1,1,1,1,1,415.0,,M,0.0,0.0,330,2.0,137.0,0.0,,2,0,2.0,600.0,0,1,1,71,0,1,0,1,0
200500038195,5,6,22,1100,1,2,1,1,6,366.0,107 rue Nationale,M,0.0,0.0,330,2.0,10.0,0.0,,2,2,0.0,0.0,0,2,3,0,70,1,0,1,0
200500038196,5,6,23,945,1,1,1,1,6,21.0,,M,0.0,0.0,330,3.0,10.0,0.0,,2,2,125.0,600.0,0,1,2,0,64,1,0,3,0
200500038197,5,6,10,945,1,1,1,1,6,20.0,,M,44.728,0.047,330,3.0,672.0,0.0,,2,2,22.0,500.0,0,1,1,0,67,1,0,1,0
200500038198,5,6,16,200,3,1,1,1,6,150.0,,M,44.679,0.129,330,3.0,134.0,0.0,,2,1,8.0,0.0,0,1,1,0,48,1,0,1,0
200500038199,5,6,18,1030,1,1,1,1,1,289.0,,M,44.649,0.084,330,3.0,16.0,0.0,,2,0,20.0,447.0,0,0,1,0,55,1,0,1,0
200500038200,5,6,11,1900,1,1,2,1,3,221.0,,M,44.569,0.059,330,3.0,129.0,0.0,,2,2,0.0,0.0,0,1,1,0,60,1,0,1,0
200500038201,5,6,17,2000,1,1,1,7,6,515.0,D237,M,0.0,0.0,330,3.0,237.0,0.0,,2,2,0.0,0.0,0,1,2,0,61,1,0,3,0
200500038202,5,6,9,2245,5,1,1,1,6,240.0,,M,45.276,-0.912,330,2.0,215.0,0.0,,2,2,0.0,0.0,0,0,0,0,70,1,0,3,0
200500038203,5,6,17,2115,1,1,2,1,1,128.0,,M,45.356,-0.913,330,3.0,102.0,0.0,,2,1,0.0,0.0,0,1,0,0,52,1,0,1,0
200500038204,5,6,30,1630,1,1,1,1,1,177.0,,M,45.34,-1.003,330,4.0,0.0,0.0,,2,2,0.0,0.0,0,1,3,0,66,1,0,1,0
200500038205,5,6,29,2330,3,1,1,1,1,417.0,,M,0.0,0.0,330,3.0,104.0,0.0,,2,2,38.0,500.0,0,1,1,0,60,1,0,1,0
200500038206,5,6,17,1245,1,2,1,1,1,256.0,Lieu dit Orange,M,44.996,-0.585,330,3.0,209.0,0.0,,2,2,0.0,0.0,0,1,3,0,50,1,0,1,0
200500038207,5,6,6,1645,1,1,1,1,3,424.0,,M,0.0,0.0,330,4.0,0.0,0.0,,2,0,0.0,0.0,0,1,1,0,61,1,0,1,0
200500038208,5,6,15,1815,1,1,1,2,6,125.0,,M,0.0,0.0,330,3.0,205.0,0.0,,2,2,15.0,300.0,0,1,3,0,61,2,0,3,0
200500038209,5,6,27,1800,1,2,4,1,3,423.0,RUE DES PLATANES,M,0.0,0.0,330,3.0,2.0,0.0,,2,2,48.0,600.0,0,4,2,0,68,1,5,1,0
200500038210,5,6,26,415,3,1,1,3,1,540.0,,M,0.0,0.0,330,3.0,102.0,0.0,,2,0,5.0,100.0,0,1,1,0,60,2,0,3,0
200500038211,5,6,26,15,3,1,1,1,3,348.0,,M,0.0,0.0,330,3.0,102.0,0.0,,2,2,0.0,0.0,0,1,1,0,60,0,5,1,0
200500038212,5,6,22,1145,1,1,1,1,6,243.0,,M,0.0,0.0,330,3.0,215.0,0.0,,0,0,0.0,0.0,0,0,0,0,0,0,0,0,0
200500038213,5,6,14,2200,3,1,1,1,2,548.0,,M,0.0,0.0,330,3.0,10.0,0.0,,2,2,0.0,0.0,0,1,1,0,46,1,0,1,0
200500038214,5,6,15,1400,1,1,1,1,3,328.0,,M,0.0,0.0,330,2.0,89.0,0.0,,3,2,0.0,0.0,0,1,1,0,0,1,5,1,0
200500038215,5,6,25,745,1,2,1,1,6,15.0,La Rotonde,M,0.0,0.0,330,2.0,2089.0,0.0,,2,0,27.0,970.0,2,1,3,33,33,1,0,3,0
200500038216,5,6,26,730,2,2,1,1,6,15.0,Port du noyer,M,0.0,0.0,330,2.0,2089.0,0.0,,3,0,0.0,0.0,1,0,3,10,170,1,0,3,0
200500038217,5,6,1,1915,1,1,1,1,1,194.0,,M,0.0,0.0,330,3.0,128.0,0.0,,2,2,0.0,0.0,0,1,2,0,70,1,5,1,0
200500038218,5,6,20,1015,1,2,1,1,6,71.0,RUE EMMANUEL ROY,M,44.834,-0.186,330,3.0,936.0,0.0,,3,2,32.0,100.0,0,1,1,0,72,1,0,1,0
200500038219,5,6,23,1630,1,1,1,1,7,466.0,,M,44.837,-0.282,330,3.0,121.0,0.0,,2,0,48.0,900.0,0,3,3,0,60,1,0,3,0
200500038220,5,6,27,2330,3,1,1,1,7,437.0,,M,44.847,-0.082,330,3.0,123.0,0.0,,2,0,0.0,0.0,0,0,4,0,60,1,0,1,0
200500038221,5,6,28,1015,1,1,1,1,6,108.0,,M,0.0,0.0,330,4.0,0.0,0.0,,2,0,0.0,0.0,0,1,3,0,40,2,0,1,0
200500038222,5,6,28,1315,1,1,2,1,3,437.0,,M,0.0,0.0,330,3.0,17.0,0.0,,2,2,0.0,0.0,0,2,1,0,70,1,5,1,0
200500038223,5,6,16,1100,1,1,1,1,1,138.0,,M,45.035,-0.07,330,3.0,10.0,0.0,,2,2,9.0,300.0,0,1,1,0,63,1,0,1,0
200500038224,5,6,4,1945,1,1,1,1,7,393.0,,M,44.995,-0.183,330,3.0,22.0,0.0,,2,2,42.0,350.0,0,1,1,0,62,1,0,3,0
200500038225,5,6,11,845,1,2,1,1,3,393.0,ROUTE DE PARIS,M,44.996,-0.205,330,3.0,910.0,0.0,,2,2,0.0,0.0,0,0,1,0,95,1,0,1,0
200500038226,5,6,15,1900,1,2,1,1,5,198.0,Avenue de l'Isle,M,45.047,-0.185,330,3.0,910.0,0.0,,2,2,5.0,500.0,0,2,1,0,75,1,5,1,0
200500038227,5,6,8,1600,1,2,1,1,7,402.0,avenue de verdun,M,44.843,0.217,330,3.0,963.0,0.0,,2,2,0.0,0.0,0,1,1,0,60,1,0,1,0
200500039910,5,6,13,1715,3,1,1,1,6,214.0,,M,45.005,-1.091,330,3.0,6.0,0.0,,3,2,0.0,0.0,0,1,1,8,31,1,0,1,0
200500039911,5,6,25,2200,3,1,1,1,1,214.0,,M,45.024,-1.176,330,3.0,6.0,0.0,E,2,2,3.0,100.0,0,1,1,0,70,1,0,1,0
200500039912,5,6,26,1915,1,1,1,1,3,214.0,,M,0.0,0.0,330,3.0,6.0,0.0,,2,0,1.0,900.0,0,1,2,0,62,1,0,1,0
200500039916,5,6,3,1130,1,1,1,1,3,199.0,,M,44.608,-1.103,330,3.0,652.0,0.0,,2,0,5.0,300.0,0,1,1,0,66,1,0,1,0
200500039917,5,6,14,1830,1,1,1,1,2,199.0,,M,44.607,-1.102,330,3.0,652.0,0.0,,2,2,0.0,0.0,0,1,1,0,67,1,0,1,0
200500039920,5,6,9,1330,1,1,1,1,6,85.0,,M,0.0,0.0,330,3.0,14.0,0.0,,2,0,0.0,0.0,0,1,2,0,0,1,0,1,0
200500039921,5,6,14,1430,1,1,1,1,7,65.0,,M,0.0,0.0,330,4.0,0.0,0.0,,2,0,0.0,0.0,0,4,0,0,0,1,0,1,0
200500039922,5,6,15,2315,5,1,1,1,5,234.0,,M,0.0,0.0,330,4.0,10.0,0.0,,1,0,0.0,0.0,1,1,1,0,36,1,0,1,0
200500039946,5,6,12,1500,1,2,3,7,3,229.0,avenue de la Libï¿½ration,M,44.7,-1.03,330,3.0,3.0,0.0,,2,1,0.0,0.0,0,1,1,0,78,1,0,1,0
200500039947,5,6,12,15,5,2,1,1,2,229.0,CD3E10 av. de Bordeaux,M,0.0,0.0,330,3.0,5.0,0.0,,2,2,1.0,145.0,0,0,2,0,55,0,0,3,0
200500040070,5,6,15,1845,1,1,1,1,7,284.0,,M,44.645,-0.838,330,1.0,660.0,0.0,,1,0,0.0,0.0,0,0,1,200,72,1,0,3,0
200500040100,5,6,12,1730,1,1,1,1,6,502.0,,M,45.193,-0.49,330,1.0,10.0,0.0,A,1,0,506.0,0.0,0,1,2,20,25,1,0,0,0
200500040247,5,3,23,1600,1,2,3,1,3,9.0,"82, DEGANNE (BD) DU 37 E",,,,330,4.0,0.0,0.0,,2,2,,,1,1,1,15,74,1,0,1,99
200500040248,5,3,25,1425,1,2,6,1,3,9.0,"1, ROOSEVELT (PL. F.D.)",,,,330,4.0,0.0,0.0,,1,1,,,0,1,1,0,100,1,0,1,99
200500040249,5,3,30,1355,1,2,6,1,3,9.0,"1, ROOSEVELT (PL. F.D.)",,,,330,4.0,0.0,0.0,,2,2,,,0,1,1,0,76,1,0,1,99
200500040250,5,4,26,1430,1,2,3,1,6,9.0,"1, GAMBETTA (AVE) DU 01",,,,330,4.0,0.0,0.0,,1,1,,,0,1,1,0,43,1,0,0,0
200500041127,5,7,11,715,1,1,9,1,1,29.0,,M,0.0,0.0,330,3.0,5.0,0.0,,2,0,61.0,900.0,0,1,1,0,60,1,0,1,0
200500041128,5,7,15,1730,1,1,3,1,3,236.0,,M,44.788,-1.153,330,3.0,106.0,0.0,,2,2,0.0,0.0,0,1,1,0,80,1,5,1,0
200500041129,5,7,29,1100,1,1,9,2,3,11.0,,M,44.777,-1.117,330,3.0,106.0,0.0,,2,2,53.0,900.0,0,1,1,60,80,2,0,1,0
200500041130,5,7,10,1930,1,1,1,1,1,422.0,e du Cap ferret / CD 106,M,0.0,0.0,330,3.0,106.0,0.0,,2,0,21.0,400.0,0,1,3,0,65,1,0,1,0
200500041131,5,7,20,1915,1,1,1,1,1,422.0,,M,44.816,-0.749,330,3.0,106.0,0.0,,2,0,13.0,950.0,0,1,1,0,60,1,0,1,0
200500041132,5,7,16,1930,1,2,2,1,1,449.0,Avenue J-J ROUSSEAU,M,0.0,0.0,330,3.0,107.0,0.0,,2,2,0.0,0.0,0,0,1,0,80,1,0,1,0
200500041133,5,7,30,445,3,1,1,1,4,449.0,Route de Lacanau,M,0.0,0.0,330,2.0,215.0,0.0,,2,2,14.0,650.0,0,1,1,0,70,1,0,1,0
200500041134,5,7,14,145,3,1,1,1,6,280.0,,M,45.175,-0.594,330,2.0,137.0,0.0,,2,2,24.0,650.0,0,0,1,0,70,1,0,1,0
200500041135,5,7,19,1015,1,1,2,1,3,101.0,,M,45.187,-0.59,330,4.0,3.0,0.0,,2,0,0.0,0.0,0,1,1,0,36,1,0,1,0
200500041136,5,7,1,1900,1,1,1,1,3,272.0,,M,0.0,0.0,330,3.0,18.0,0.0,,2,2,0.0,0.0,0,0,1,0,67,1,0,1,0
200500041137,5,7,2,1600,1,2,1,1,3,3.0,Rue andrï¿½ lignac,M,44.936,-0.509,330,4.0,0.0,0.0,,2,2,0.0,0.0,0,1,1,0,60,1,0,1,0
200500041138,5,7,19,1945,1,1,1,1,6,510.0,,M,0.0,0.0,330,3.0,120.0,0.0,,2,2,53.0,300.0,0,1,1,0,47,1,0,3,0
200500041139,5,7,24,2115,3,1,1,1,7,448.0,,M,0.0,0.0,330,3.0,214.0,0.0,,2,1,0.0,0.0,0,1,1,0,0,1,0,1,0
200500041140,5,7,11,645,1,1,1,1,3,165.0,,M,0.0,0.0,330,3.0,936.0,0.0,,0,0,0.0,0.0,0,1,0,0,0,1,0,1,0
200500041141,5,7,25,1800,1,1,1,1,7,496.0,Avenue Louis Venot,M,0.0,0.0,330,4.0,0.0,0.0,,2,2,0.0,0.0,0,0,3,0,45,1,0,1,0
200500041142,5,7,28,1915,1,1,3,1,3,496.0,,M,0.0,0.0,330,3.0,671.0,0.0,,2,0,0.0,0.0,0,1,2,0,63,1,0,1,0
200500041143,5,7,5,1345,1,1,1,1,3,80.0,RN 113,M,0.0,0.0,330,2.0,113.0,0.0,,2,2,0.0,0.0,0,1,1,0,70,1,0,1,0
200500041144,5,7,14,1745,1,1,1,7,3,501.0,lieu dit Ramounic,M,0.0,0.0,330,3.0,111.0,0.0,,2,2,22.0,950.0,0,1,1,0,61,9,0,1,0
200500041145,5,7,23,1515,1,1,1,1,6,77.0,"Lieu dit ""La maconnerie""",M,0.0,0.0,330,3.0,116.0,0.0,,2,2,0.0,800.0,0,1,1,0,59,1,0,3,0
200500041146,5,7,12,745,2,2,1,7,6,120.0,place de la mairie,M,44.634,-0.338,330,3.0,117.0,0.0,,2,2,0.0,0.0,0,2,0,0,0,1,0,1,3
200500041147,5,7,21,2115,1,1,1,1,1,334.0,,M,44.701,-0.414,330,3.0,115.0,0.0,,2,2,0.0,0.0,0,1,1,0,70,1,0,1,0
200500041148,5,7,4,1800,1,1,1,1,2,415.0,,M,0.0,0.0,330,2.0,137.0,0.0,,2,2,2.0,300.0,0,1,1,0,61,1,0,1,0
200500041149,5,7,13,1930,1,1,1,1,3,425.0,,M,0.0,0.0,330,2.0,137.0,0.0,,2,2,0.0,0.0,0,1,1,0,0,1,5,1,0
200500041150,5,7,23,1310,1,2,4,1,1,425.0,"Lieu-dit ""Les carriï¿½res""",M,0.0,0.0,330,4.0,21.0,0.0,,2,2,0.0,0.0,0,0,1,0,0,1,5,1,0
200500041151,5,7,23,1915,1,1,1,1,2,227.0,,M,44.52,-0.21,330,3.0,10.0,0.0,,2,2,121.0,100.0,0,3,1,0,60,1,0,1,0
200500041152,5,7,30,1845,1,1,1,1,3,164.0,Route de Touilla,M,44.55,-0.29,330,3.0,125.0,0.0,,2,2,2.0,200.0,0,1,1,0,50,1,5,1,0
200500041153,5,7,24,1800,1,1,2,1,3,144.0,,M,44.378,-0.18,330,3.0,937.0,7.0,E,2,2,0.0,0.0,0,1,1,0,50,1,0,1,0
200500041154,5,7,18,1330,1,1,1,1,7,379.0,,M,44.7,-0.131,330,3.0,671.0,0.0,,0,0,29.0,900.0,0,3,2,0,61,1,0,1,0
200500041155,5,7,18,2000,1,1,4,1,3,163.0,,M,44.757,-0.215,330,3.0,19.0,4.0,E,2,0,1.0,750.0,0,1,1,0,45,1,0,1,0
200500041156,5,7,24,1530,1,2,1,1,6,506.0,Intersection rue des jar,M,44.695,-0.087,330,3.0,139.0,1.0,E,1,1,0.0,950.0,0,2,1,0,76,1,0,1,0
200500041157,5,7,3,1930,1,1,1,1,3,417.0,,M,0.0,0.0,330,3.0,6.0,0.0,,2,2,41.0,0.0,0,1,1,0,71,1,0,1,0
200500041158,5,7,4,1,2,1,1,1,6,417.0,,M,0.0,0.0,330,3.0,6.0,0.0,,2,2,0.0,0.0,0,1,3,0,71,1,0,3,0
200500041159,5,7,26,245,3,1,1,1,7,248.0,,M,45.047,-0.88,330,3.0,207.0,0.0,,2,0,0.0,0.0,0,1,0,0,0,1,0,0,0
200500041160,5,7,27,1815,1,2,3,1,3,262.0,,M,45.01,-0.619,330,4.0,0.0,0.0,,2,2,0.0,0.0,0,1,1,0,62,1,0,1,0
200500041161,5,7,30,815,1,2,9,1,6,517.0,,M,45.06,-0.698,330,3.0,2.0,0.0,,2,2,0.0,0.0,0,0,1,0,0,0,0,1,0
200500041162,5,7,30,230,3,1,1,1,7,314.0,,M,0.0,0.0,330,3.0,2.0,2.0,E,2,2,0.0,0.0,0,2,3,0,50,1,0,3,0
200500041163,5,7,1,1415,1,1,1,1,6,514.0,CD1E4 - PK 09.,M,0.0,0.0,330,3.0,14.0,0.0,,2,0,9.0,0.0,0,0,1,0,0,1,0,3,0
200500041164,5,7,14,1630,1,1,1,1,5,514.0,"Lieu dit ""Lihan""",M,45.49,-1.09,330,2.0,215.0,0.0,,2,2,87.0,330.0,0,3,3,0,78,1,2,1,0
200500041165,5,7,15,1730,1,1,1,1,3,490.0,"215 lieu-dit ""Les Piots""",M,0.0,0.0,330,3.0,215.0,0.0,,2,2,75.0,0.0,0,0,1,0,80,1,5,1,0
200500041166,5,7,22,1345,1,1,1,1,6,544.0,,M,45.57,-1.06,330,2.0,215.0,0.0,,2,0,0.0,0.0,0,1,1,0,60,1,0,1,0
200500041167,5,7,9,1645,1,1,1,1,7,71.0,,M,44.876,-0.24,330,3.0,121.0,0.0,,2,2,39.0,300.0,0,0,1,0,40,1,0,1,0
200500041168,5,7,20,1900,1,1,9,1,3,185.0,,M,0.0,0.0,330,2.0,89.0,0.0,,2,0,31.0,700.0,0,1,1,0,71,1,3,1,0
200500041169,5,7,2,430,3,1,1,1,6,108.0,,M,0.0,0.0,330,3.0,936.0,0.0,,0,2,0.0,0.0,0,1,1,0,0,1,0,3,0
200500041170,5,7,2,430,3,1,1,1,6,108.0,,M,0.0,0.0,330,3.0,936.0,0.0,,2,0,0.0,0.0,0,0,1,0,72,1,0,3,0
200500041171,5,7,29,800,1,1,1,8,1,394.0,,M,0.0,0.0,330,3.0,245.0,0.0,,2,2,8.0,450.0,0,1,3,0,56,2,0,1,0
200500041172,5,7,10,1845,1,1,1,1,4,360.0,,M,44.781,0.242,330,3.0,708.0,0.0,,2,2,8.0,100.0,0,3,1,0,64,1,0,1,0
200500041173,5,7,5,1330,1,1,2,1,3,290.0,,M,44.96,-0.183,330,2.0,89.0,0.0,,2,2,20.0,400.0,3,2,1,0,110,1,0,1,0
200500042917,5,7,3,2130,1,2,1,1,6,214.0,50 route de la plage Le,M,45.008,-1.131,330,3.0,6.0,6.0,D,2,2,1.0,400.0,0,1,1,0,96,1,6,1,0
200500042918,5,7,15,300,3,1,1,1,6,214.0,,M,44.997,-1.174,330,4.0,8.0,0.0,,2,0,0.0,0.0,0,2,3,0,89,1,0,3,0
200500042919,5,7,18,1045,1,1,1,1,6,214.0,,M,44.938,-1.068,330,3.0,3.0,0.0,,2,2,59.0,400.0,0,1,1,0,60,1,0,3,0
200500042920,5,7,23,130,5,2,1,1,6,97.0,AVENUE DE MAUBUISSON,M,0.0,0.0,330,3.0,207.0,0.0,,2,0,0.0,0.0,0,1,1,0,70,1,0,4,0
200500042921,5,7,23,1115,1,1,1,1,1,70.0,,M,45.06,-0.959,330,3.0,207.0,0.0,,2,2,15.0,0.0,0,1,1,0,60,1,0,1,0
200500042932,5,7,13,1915,1,2,6,1,1,527.0,RUE GRANGENEUVE,M,44.62,-1.03,330,4.0,0.0,0.0,,2,2,0.0,0.0,0,1,1,43,151,1,5,1,0
200500042933,5,7,18,2315,3,1,1,1,6,527.0,,M,44.64,-1.02,330,3.0,650.0,0.0,,2,0,7.0,500.0,0,1,1,0,43,1,0,1,0
200500042934,5,7,29,1800,1,2,1,1,1,199.0,47 av.de la cï¿½te d arge,M,44.64,-1.05,330,3.0,650.0,0.0,,2,2,0.0,0.0,0,1,1,0,67,1,0,1,0
200500042937,5,7,6,1815,1,2,1,1,1,99.0,CHEMIN DE TRESSES,M,0.0,0.0,330,3.0,936.0,5.0,E,0,2,0.0,0.0,0,1,3,10,60,1,0,1,0
200500042938,5,7,29,1400,1,2,1,1,3,85.0,Lieu dit SEGUINEAU,M,44.758,-0.494,330,3.0,10.0,1.0,C,2,0,0.0,0.0,0,1,0,0,64,1,0,1,0
200500043106,5,7,15,1700,1,1,1,1,6,199.0,,M,44.62,-1.088,330,3.0,1.0,0.0,,1,1,21.0,0.0,0,1,1,0,35,1,0,1,0
200500043132,5,7,4,1845,1,2,1,1,1,122.0,carrefour de  Rï¿½jouit,M,44.742,-0.657,330,2.0,10.0,0.0,,4,0,66.0,0.0,0,0,0,0,0,1,5,1,0
200500043133,5,7,14,1645,1,2,1,1,3,90.0,avenue de la libï¿½ration,M,44.754,-0.639,330,2.0,10.0,0.0,,2,2,57.0,600.0,0,1,1,0,84,1,5,1,0
200500043139,5,7,23,2030,1,1,1,1,7,380.0,,M,45.299,-0.553,330,1.0,10.0,0.0,A,1,1,492.0,700.0,0,0,4,0,0,1,0,0,0
200500044469,5,7,18,1805,1,1,3,2,3,529.0,BISCAROSSE (AVE) DUNE VE,,,,330,3.0,0.0,0.0,,0,2,12.0,500.0,0,1,1,0,78,1,0,1,0
200500044470,5,7,28,1045,1,2,1,1,6,9.0,"245, PLAGE (BD DE LA) DU",,,,330,4.0,0.0,0.0,,2,2,,,1,1,1,0,32,1,0,5,0
200500044471,5,7,1,1950,1,2,1,1,3,167.0,AVE GASTON CABANNES,,,,330,4.0,0.0,0.0,,2,2,,,0,1,1,0,67,1,0,1,0