Num_Acc,an,mois,jour,hrmn,lum,agg,int,atm,col,com,adr,gps,lat,long,dep,catr,voie,v1,v2,circ,nbv,pr,pr1,vosp,prof,plan,lartpc,larrout,surf,infra,situ,env1
200500054532,5,9,27,645,2,2,1,5,1,138.0,RUE BASTE,M,0.0,0.0,330,3.0,17.0,1.0,,2,2,0.0,0.0,0,1,2,0,70,1,0,1,0
200500054533,5,9,29,740,1,1,1,1,4,14.0,les chapelles,M,0.0,0.0,330,2.0,89.0,0.0,,2,2,16.0,600.0,0,0,1,0,70,1,0,1,0
200500055940,5,9,13,1730,1,1,1,1,2,528.0,,M,44.883,-0.945,330,3.0,107.0,0.0,,2,0,25.0,900.0,0,1,1,0,51,1,0,1,0
200500055941,5,9,29,700,3,2,1,1,6,503.0,30 BIS AVENUE DES LANDES,M,44.938,-0.82,330,3.0,5.0,0.0,,2,0,28.0,300.0,0,1,1,0,59,2,0,3,0
200500055954,5,9,9,645,2,1,1,1,6,349.0,Lieu dit Joucla,M,44.745,-0.481,330,3.0,10.0,0.0,,2,2,87.0,117.0,0,1,1,0,68,2,0,1,0
200500055955,5,9,21,830,1,1,1,1,3,118.0,ZI Bel air,M,0.0,0.0,330,3.0,14.0,0.0,,2,2,5.0,200.0,0,1,1,0,0,1,5,1,0
200500055956,5,9,27,1620,1,2,1,1,7,234.0,rue du Bourg,M,0.0,0.0,330,3.0,115.0,0.0,,2,2,0.0,0.0,0,1,1,0,70,1,0,1,3
200500058145,5,9,5,1140,1,2,6,2,3,529.0,"5, VERDUN (RUE DE)",,,,330,4.0,0.0,0.0,,2,2,,,0,1,2,20,60,2,5,1,0
200500058146,5,9,3,1910,1,2,1,1,3,529.0,RN 250 (OUSTALET - BONNE,,,,330,2.0,0.0,0.0,,2,2,41.0,701.0,0,1,1,0,105,1,0,1,0
200500058147,5,9,1,50,4,2,1,3,3,63.0,PCE BIR HAKEIM,,,,330,4.0,0.0,0.0,,3,4,,,0,2,1,0,0,2,4,1,0
200500058148,5,9,1,145,5,2,3,1,3,63.0,RUE DE LALANDE,,,,330,4.0,0.0,0.0,,1,1,,,0,1,1,0,33,1,0,1,0
200500058149,5,9,1,215,5,2,1,1,6,63.0,"165, BD GEORGE V",,,,330,4.0,0.0,0.0,,3,4,,,2,1,1,0,0,2,1,1,0
200500058150,5,9,2,1600,1,2,1,1,3,63.0,"270, BD DU PRESIDENT WIL",,,,330,4.0,0.0,0.0,,3,4,,,2,1,1,15,148,1,0,1,3
200500058151,5,9,3,1430,1,2,1,1,2,63.0,"74, RUE CROIX DE SEGUEY",,,,330,4.0,0.0,0.0,,1,2,,,3,1,1,0,97,1,0,1,0
200500058152,5,9,4,2125,5,2,2,1,3,63.0,RUE LEBERTHON,,,,330,4.0,0.0,0.0,,1,1,,,0,1,1,0,55,1,0,1,0
200500058153,5,9,4,2140,5,2,1,1,3,63.0,"41, CRS GEORGES CLEMENCE",,,,330,4.0,0.0,0.0,,2,4,,,0,1,1,0,10,1,0,1,0
200500058154,5,9,3,520,5,2,1,1,6,63.0,RUE GALIN,,,,330,4.0,0.0,0.0,,3,4,,,0,1,1,90,80,1,0,1,0
200500058155,5,9,5,900,1,2,2,1,1,63.0,RUE CROIX DE SEGUEY,,,,330,4.0,0.0,0.0,,2,4,,,0,1,1,0,142,1,0,1,0
200500058156,5,9,6,710,1,2,5,1,3,63.0,RUE PELLEPORT,,,,330,4.0,0.0,0.0,,1,2,,,0,1,1,0,70,1,0,1,0
200500058157,5,9,6,1241,1,2,1,1,6,63.0,"176, CRS DE L'YSER",,,,330,4.0,0.0,0.0,,2,2,,,2,1,1,0,54,1,0,1,0
200500058158,5,9,5,840,1,2,3,1,2,318.0,AVE JEAN JAURES,,,,330,4.0,0.0,0.0,,2,2,,,2,1,0,0,80,1,0,1,0
200500058159,5,9,7,1734,1,2,3,7,3,63.0,BD GEORGE V,,,,330,4.0,0.0,0.0,,3,4,,,2,1,1,0,0,1,0,1,0
200500058160,5,9,1,1220,1,2,1,1,3,39.0,RUE DES FRERES LUMIERE,,,,330,4.0,0.0,0.0,,3,3,,,0,1,1,0,59,1,0,1,0
200500058161,5,9,1,1629,1,2,3,1,2,75.0,RUE BERTRAND BALGUERIE,,,,330,4.0,0.0,0.0,,2,2,,,0,1,1,0,74,1,0,1,0
200500058162,5,9,2,150,5,2,1,1,6,318.0,AVE PASTEUR,,,,330,4.0,0.0,0.0,,3,2,,,1,1,1,15,56,1,2,4,0
200500058163,5,9,4,1140,1,2,2,1,3,63.0,AVE DE PERNON,,,,330,4.0,0.0,0.0,,2,2,,,0,1,0,0,55,9,0,1,0
200500058164,5,9,7,1925,1,2,1,1,3,63.0,"112, RUE DE LA BECHADE",,,,330,4.0,0.0,0.0,,2,3,,,2,1,1,0,140,1,0,1,0
200500058165,5,9,8,1600,1,1,3,2,6,63.0,AVE DE LABARDE,,,,330,4.0,0.0,0.0,,2,2,,,0,1,1,0,77,2,0,1,0
200500058166,5,9,3,2215,5,2,2,1,1,63.0,RUE GENERAL DE LARMINAT,,,,330,4.0,0.0,0.0,,3,5,,,2,1,1,15,60,1,0,1,0
200500058167,5,9,8,1530,1,1,2,1,2,63.0,RUE EMILE FOURCAND,,,,330,4.0,0.0,0.0,,1,1,,,0,1,1,0,52,1,0,1,0
200500058168,5,9,10,1210,1,2,1,3,6,63.0,"21, RUE FONDAUDEGE",,,,330,4.0,0.0,0.0,,1,2,,,2,1,1,0,110,1,0,1,0
200500058169,5,9,10,2240,5,2,3,1,4,75.0,AVE DE TERREFORT,,,,330,4.0,0.0,0.0,,2,3,,,0,1,1,0,105,1,0,1,0
200500058170,5,9,6,1113,1,2,2,1,1,550.0,RUE RAYMOND POINCARE,,,,330,4.0,0.0,0.0,,2,2,,,0,1,1,0,59,1,0,1,0
200500058171,5,9,6,1145,1,2,2,1,6,39.0,"4, RUE DURCY",,,,330,4.0,0.0,0.0,,3,2,,,0,1,1,0,90,1,0,1,3
200500058172,5,9,7,1255,1,2,5,1,3,281.0,RUE DE MIREPIN,,,,330,4.0,0.0,0.0,,3,4,,,0,1,1,13,152,1,0,1,0
200500058173,5,9,5,1240,1,2,3,2,1,318.0,"12, ROC ROCADE SUD-OUEST",,,,330,4.0,0.0,0.0,,1,2,,,0,1,1,0,74,2,0,1,0
200500058174,5,9,12,1300,1,2,1,2,3,63.0,BD ANDRE RICARD,,,,330,4.0,0.0,0.0,,2,2,,,2,1,1,0,0,2,0,1,0
200500058175,5,9,13,50,5,2,1,2,6,63.0,"174, RUE DE LA PELOUSE D",,,,330,4.0,0.0,0.0,,2,1,,,0,1,1,0,70,2,0,1,0
200500058176,5,9,8,200,5,2,1,1,6,69.0,"13, AVE D'EYSINES",,,,330,4.0,0.0,0.0,,1,1,,,0,1,1,0,67,1,0,1,0
200500058177,5,9,13,945,1,2,3,8,1,63.0,RUE PERE DIEUZAIDE,,,,330,4.0,0.0,0.0,,2,3,,,0,1,1,0,178,1,0,1,0
200500058178,5,9,13,1900,1,2,1,1,4,63.0,"159, RUE FONDAUDEGE",,,,330,4.0,0.0,0.0,,1,2,,,2,1,1,0,92,1,0,5,0
200500058179,5,9,15,145,4,2,2,1,3,63.0,CRS DE LA MARTINIQUE,,,,330,4.0,0.0,0.0,,2,2,,,2,1,1,0,112,1,0,1,0
200500058180,5,9,10,1328,1,2,1,1,6,550.0,"205, AVE DES PYRENEES",,,,330,4.0,0.0,0.0,,2,2,,,2,1,1,0,114,2,0,1,0
200500058181,5,9,10,1935,1,2,1,1,5,550.0,"72, RTE DE LEOGNAN",,,,330,4.0,0.0,0.0,,2,2,,,2,1,1,0,114,1,0,1,0
200500058182,5,9,15,146,5,2,1,1,4,63.0,"47, QUAI DE PALUDATE",,,,330,4.0,0.0,0.0,,2,2,,,2,1,1,0,106,1,0,1,0
200500058183,5,9,15,720,1,2,1,5,2,63.0,"2, QUAI DE BRAZZA",,,,330,4.0,0.0,0.0,,2,2,,,2,1,1,0,66,1,0,1,0
200500058184,5,9,15,1115,1,2,2,1,3,63.0,RUE JULES FERRY CAUD,,,,330,4.0,0.0,0.0,,1,3,,,2,1,1,0,120,1,0,1,0
200500058185,5,9,15,2010,2,2,3,1,3,63.0,RUE VIRGINIA CAUD,,,,330,4.0,0.0,0.0,,2,2,,,0,1,1,0,77,1,0,1,0
200500058186,5,9,18,2040,5,2,1,1,3,63.0,AVE CHARLES DE GAULLE CA,,,,330,4.0,0.0,0.0,,1,2,,,0,1,1,0,77,1,0,1,0
200500058187,5,9,16,735,1,2,2,1,3,63.0,"233, RUE DE LA BENAUGE",,,,330,4.0,0.0,0.0,,3,2,,,2,1,1,48,135,1,0,5,0
200500058188,5,9,16,745,1,2,3,1,6,63.0,RUE GASTON MARCHOU,,,,330,4.0,0.0,0.0,,2,2,,,0,1,1,0,0,1,0,1,0
200500058189,5,9,16,800,1,2,1,1,3,63.0,"24, CRS DE LA SOMME",,,,330,4.0,0.0,0.0,,2,2,,,0,1,1,0,115,1,0,1,0
200500058190,5,9,16,1625,1,2,1,2,3,63.0,"1, RUE D'ARMAGNAC",,,,330,4.0,0.0,0.0,,2,2,,,0,1,2,0,78,2,0,1,0
200500058191,5,9,19,1610,1,2,2,1,3,63.0,RUE DAVID JOHNSTON,,,,330,4.0,0.0,0.0,,1,1,,,2,1,1,0,0,1,0,1,0
200500058192,5,9,19,1800,1,2,2,1,6,63.0,RUE PROFESSEUR VINCENT,,,,330,4.0,0.0,0.0,,2,2,,,0,1,1,0,0,1,0,1,0
200500058193,5,9,12,1100,1,2,2,2,3,69.0,RUE JULES FERRY,,,,330,4.0,0.0,0.0,,1,1,,,0,1,1,0,50,2,0,1,0
200500058194,5,9,7,1830,1,2,2,1,3,318.0,RUE DU PLATEAU DE NOES,,,,330,4.0,0.0,0.0,,2,1,,,0,1,1,0,51,1,0,1,0
200500058195,5,9,14,640,2,2,3,1,3,39.0,RUE DE LAURIOL,,,,330,4.0,0.0,0.0,,1,2,,,0,1,1,0,83,1,0,1,0
200500058196,5,9,14,1830,1,2,1,1,3,69.0,"203, AVE DE TIVOLI",,,,330,4.0,0.0,0.0,,2,2,,,0,1,3,0,68,1,0,1,0
200500058197,5,9,15,715,2,2,3,1,3,39.0,BD ALBERT 1ER,,,,330,4.0,0.0,0.0,,3,2,,,0,1,1,9,46,1,0,5,0
200500058198,5,9,15,1030,1,2,1,1,6,69.0,PCE JEAN JAURES,,,,330,4.0,0.0,0.0,,1,1,,,0,1,1,0,76,1,0,1,0
200500058199,5,9,20,1600,1,2,1,1,6,63.0,"32, RUE CHARLES DOMERCQ",,,,330,4.0,0.0,0.0,,2,3,,,2,1,1,0,149,1,0,1,0
200500058200,5,9,20,1715,1,2,1,1,3,63.0,"149, AVE DU GENERAL LECL",,,,330,4.0,0.0,0.0,,1,2,,,2,1,1,0,126,1,0,5,0
200500058201,5,9,20,1730,1,2,3,1,6,63.0,"28, CRS VICTOR HUGO",,,,330,4.0,0.0,0.0,,2,4,,,3,1,1,0,117,1,0,1,0
200500058202,5,9,21,1155,1,2,1,1,6,63.0,", RUE CADROIN",,,,330,4.0,0.0,0.0,,1,2,,,0,1,1,0,49,1,0,1,0
200500058203,5,9,21,830,1,2,3,1,3,63.0,ALL SERR,,,,330,4.0,0.0,0.0,,3,4,,,0,1,1,0,0,1,0,1,0
200500058204,5,9,6,2055,1,2,2,1,1,318.0,AVE DU DOCTEUR NANCEL PE,,,,330,4.0,0.0,0.0,,2,3,,,0,1,1,0,110,1,0,1,0
200500058205,5,9,14,920,1,2,1,7,6,281.0,"4, RUE HENRI BLOT",,,,330,4.0,0.0,0.0,,2,2,,,0,1,2,0,50,1,0,1,0
200500058206,5,9,14,1120,1,2,2,1,3,281.0,AVE MATOSINHOS,,,,330,4.0,0.0,0.0,,3,3,,,0,1,1,0,0,1,0,1,0
200500058207,5,9,16,2300,5,2,2,2,3,281.0,AVE ROLAND GARROS,,,,330,4.0,0.0,0.0,,2,2,,,0,1,1,0,0,2,0,1,0
200500058208,5,9,15,1800,1,2,1,1,3,249.0,AVE CARNOT,,,,330,4.0,0.0,0.0,,3,4,,,0,1,1,40,68,1,0,1,0
200500058209,5,9,15,1735,1,2,3,1,4,249.0,RUE PIERRE MENDES-FRANCE,,,,330,4.0,0.0,0.0,,3,2,,,2,1,1,220,120,1,0,1,0
200500058210,5,9,19,910,1,2,2,1,1,281.0,AVE DES FRERES ROBINSON,,,,330,4.0,0.0,0.0,,2,3,,,0,1,1,0,87,1,0,1,0
200500058211,5,9,19,1055,1,2,1,1,3,318.0,"1 bis, AVE GUSTAVE EIFFE",,,,330,4.0,0.0,0.0,,2,2,,,0,1,1,0,60,1,0,1,0
200500058212,5,9,19,2045,5,2,2,1,2,281.0,AVE MARCEL DASSAULT,,,,330,4.0,0.0,0.0,,3,3,,,2,1,1,70,300,1,3,1,0
200500058213,5,9,20,800,1,2,2,1,3,318.0,AVE JEAN CORDIER,,,,330,4.0,0.0,0.0,,2,2,,,0,1,1,0,80,1,0,1,0
200500058214,5,9,20,1533,1,2,2,1,1,318.0,AVE DU DOCTEUR ROGER MAR,,,,330,4.0,0.0,0.0,,3,2,,,0,1,1,0,0,1,0,1,0
200500058215,5,9,21,1520,1,2,3,1,3,63.0,"14, CRS VICTOR HUGO",,,,330,4.0,0.0,0.0,,2,3,,,3,1,1,0,114,1,0,1,0
200500058216,5,9,21,1700,1,2,3,1,3,63.0,RUE AUGUSTE MERILLON,,,,330,4.0,0.0,0.0,,1,1,,,0,1,1,0,0,1,0,1,0
200500058217,5,9,22,1100,1,2,1,1,2,63.0,"109, RUE ACHARD",,,,330,4.0,0.0,0.0,,2,2,,,0,1,1,0,73,1,0,1,0
200500058218,5,9,22,2000,5,2,2,1,1,63.0,CRS DE LA SOMME,,,,330,4.0,0.0,0.0,,2,2,,,0,1,1,0,65,1,0,1,0
200500058219,5,9,22,1615,1,2,1,1,3,281.0,AVE DE L'ARGONNE,,,,330,4.0,0.0,0.0,,2,2,,,0,1,1,0,71,1,0,1,0
200500058220,5,9,13,800,1,2,1,1,1,522.0,"57, CRS GAMBETTA",,,,330,4.0,0.0,0.0,,3,2,,,3,1,1,66,28,1,4,1,0
200500058221,5,9,17,2010,2,2,2,1,3,69.0,BD GODARD,,,,330,4.0,0.0,0.0,,3,4,,,2,1,1,40,175,1,0,1,0
200500058222,5,9,20,1415,1,2,2,1,3,192.0,CHEM DU PAS DU LUC,,,,330,4.0,0.0,0.0,,2,2,,,0,1,1,0,49,1,0,1,0
200500058223,5,9,25,55,5,2,1,1,6,69.0,RUE BAUDIN,,,,330,4.0,0.0,0.0,,2,2,,,0,1,3,0,46,1,0,1,0
200500058224,5,9,23,1615,1,2,2,1,3,63.0,RUE DES MENUTS,,,,330,4.0,0.0,0.0,,1,1,,,0,1,1,0,47,1,0,1,0
200500058225,5,9,24,2030,5,2,1,1,6,63.0,"50, QUAI RICHELIEU",,,,330,4.0,0.0,0.0,,3,4,,,3,1,1,0,60,1,0,1,0
200500058226,5,9,23,840,1,2,2,1,1,63.0,RUE DU JARDIN PUBLIC,,,,330,4.0,0.0,0.0,,1,1,,,0,1,1,0,50,1,0,1,0
200500058227,5,9,21,2015,2,2,2,1,3,39.0,RUE CHARLES LAMOUREUX,,,,330,4.0,0.0,0.0,,2,2,,,0,1,1,0,0,1,0,1,0
200500058228,5,9,23,1210,1,2,2,1,2,63.0,RUE MATHIEU,,,,330,4.0,0.0,0.0,,1,1,,,0,1,1,0,49,1,0,1,0
200500058229,5,9,23,1835,1,2,3,1,3,63.0,CRS VICTOR HUGO,,,,330,4.0,0.0,0.0,,2,4,,,3,1,1,0,128,1,0,1,0
200500058230,5,9,24,1100,1,2,6,1,3,249.0,RTE DE BORDEAUX,,,,330,4.0,0.0,0.0,,2,2,,,0,2,3,0,69,1,0,1,0
200500058231,5,9,25,1730,1,2,2,1,1,63.0,RUE LEON PALLIERE,,,,330,4.0,0.0,0.0,,2,2,,,0,1,1,0,93,1,0,1,0
200500058232,5,9,22,850,1,2,1,1,6,63.0,"60, CRS DE VERDUN",,,,330,4.0,0.0,0.0,,2,5,,,3,1,1,0,134,1,0,1,0
200500058233,5,9,18,1203,1,2,2,1,1,32.0,AVE LAMARTINE,,,,330,4.0,0.0,0.0,,1,2,,,0,1,0,0,66,1,0,1,0
200500058234,5,9,20,1640,1,2,2,1,1,119.0,CRS VICTOR HUGO,,,,330,4.0,0.0,0.0,,3,2,,,0,1,3,0,73,1,0,1,0
200500058235,5,9,25,2120,5,2,1,1,6,63.0,RUE DE CANOLLE,,,,330,5.0,0.0,0.0,,2,1,,,0,1,1,0,0,1,0,1,0
200500058236,5,9,26,1600,1,2,2,1,3,63.0,BD MARECHAL LECLERC,,,,330,4.0,0.0,0.0,,3,6,,,2,1,1,0,0,1,0,1,3
200500058237,5,9,23,1355,1,2,2,1,2,318.0,AVE DE CANEJAN,,,,330,4.0,0.0,0.0,,2,3,,,2,1,1,30,145,1,0,1,0
200500058238,5,9,23,1615,1,2,3,1,3,318.0,AVE DE BRETAGNE,,,,330,4.0,0.0,0.0,,2,2,,,0,1,1,0,72,1,0,1,0
200500058239,5,9,27,640,5,2,2,1,3,63.0,RUE LEBERTHON,,,,330,4.0,0.0,0.0,,1,1,,,0,1,1,0,59,1,0,1,0
200500058240,5,9,27,1050,1,2,7,1,6,63.0,PCE DE LA FERME DE RICHE,,,,330,4.0,0.0,0.0,,1,1,,,0,1,1,0,50,1,0,1,0
200500058241,5,9,27,1445,1,2,3,1,1,63.0,AVE DES QUARANTE JOURNAU,,,,330,4.0,0.0,0.0,,2,3,,,0,1,1,0,99,1,0,1,0
200500058242,5,9,27,1535,1,2,3,1,2,63.0,QUAI DESCHAMPS,,,,330,4.0,0.0,0.0,,3,6,,,2,1,1,0,0,1,0,1,0
200500058243,5,9,21,1140,1,2,1,1,2,39.0,"217, BD ALBERT 1ER",,,,330,4.0,0.0,0.0,,3,4,,,2,1,1,0,95,1,0,1,0
200500058244,5,9,22,735,1,2,1,1,6,550.0,RUE DE CHAMBERY,,,,330,4.0,0.0,0.0,,2,2,,,0,1,1,0,70,1,0,1,0
200500058245,5,9,22,750,1,2,3,1,1,550.0,RUE FERNAND SOORS,,,,330,4.0,0.0,0.0,,2,2,,,0,1,1,9,98,1,0,1,0
200500058246,5,9,28,735,1,2,1,1,3,63.0,PCE PEY BERLAND,,,,330,4.0,0.0,0.0,,1,1,,,3,1,2,0,0,1,0,1,0
200500058247,5,9,28,750,1,2,3,1,7,63.0,RUE JUDE CAUD,,,,330,4.0,0.0,0.0,,2,2,,,0,1,1,0,58,1,0,1,0
200500058248,5,9,28,1810,1,1,2,1,6,63.0,CRS DE L'YSER,,,,330,4.0,0.0,0.0,,2,2,,,2,1,1,0,102,1,0,1,3
200500058249,5,9,21,810,1,2,1,1,4,32.0,COTE DE LA GARONNE,,,,330,4.0,0.0,0.0,,2,3,,,0,1,1,0,120,1,0,1,0
200500058250,5,9,23,1620,1,2,1,1,2,550.0,RTE DE LEOGNAN,,,,330,4.0,0.0,0.0,,2,2,,,0,1,1,0,155,1,0,1,0
200500058251,5,9,26,950,1,2,3,1,6,550.0,RTE DE TOULOUSE,,,,330,4.0,0.0,0.0,,2,2,,,0,1,1,0,64,1,0,1,0
200500058252,5,9,26,1100,1,2,1,1,3,522.0,"571, CRS DE LA LIBERATIO",,,,330,4.0,0.0,0.0,,3,3,,,0,1,1,0,140,1,0,1,0
200500058253,5,9,29,855,1,2,1,1,6,63.0,"102, AVE DU GENERAL LECL",,,,330,4.0,0.0,0.0,,2,2,,,2,1,1,0,120,1,0,1,0
200500058254,5,9,25,1915,1,2,1,1,4,550.0,"558, RTE DE TOULOUSE",,,,330,4.0,0.0,0.0,,3,2,,,0,1,1,16,132,1,0,1,0
200500058255,5,9,28,735,1,2,2,1,3,69.0,AVE DE LA LIBERATION-CH.,,,,330,4.0,0.0,0.0,,2,3,,,0,1,1,0,100,1,0,1,0
200500058256,5,9,30,910,1,2,2,1,2,522.0,BD DU PDT FRANKLIN ROOSE,,,,330,4.0,0.0,0.0,,2,5,,,2,1,1,0,200,1,0,5,0
200500058257,5,9,30,2330,5,2,2,1,3,63.0,BD DU PDT FRANKLIN ROOSE,,,,330,4.0,0.0,0.0,,3,5,,,0,1,2,0,0,1,0,1,0
200500058258,5,9,30,1015,1,2,1,1,3,63.0,"77, CRS D'ALBRET",,,,330,4.0,0.0,0.0,,2,4,,,0,1,1,0,112,1,0,1,0
200500058259,5,9,30,2331,5,2,5,1,6,63.0,CRS VICTOR HUGO,,,,330,4.0,0.0,0.0,,2,3,,,0,1,1,0,0,1,0,1,0
200500058260,5,9,17,1045,1,2,1,1,3,281.0,AVE DE LA SOMME,,,,330,6.0,0.0,0.0,,2,2,,,0,1,1,0,70,1,0,1,0
200500058261,5,9,29,1815,1,2,3,1,2,281.0,AVE BON AIR,,,,330,4.0,0.0,0.0,,2,2,,,2,1,1,0,60,1,0,1,0
200500058262,5,9,30,1435,1,2,3,1,3,167.0,RUE EMILE COMBES,,,,330,4.0,0.0,0.0,,1,1,,,0,1,1,0,70,1,0,1,0
200500058263,5,9,30,1340,1,2,3,1,3,522.0,CRS GAMBETTA,,,,330,4.0,0.0,0.0,,2,2,,,3,1,1,68,63,1,3,1,0
200500058264,5,9,3,40,5,2,1,1,3,243.0,"113, GAULLE(AVENUE DU GE",,,,330,6.0,0.0,0.0,,2,0,,,0,1,3,0,0,1,0,1,99
200500058265,5,9,19,2045,5,2,1,1,6,243.0,"120, RECOLLETS(PLACE DES",,,,330,6.0,0.0,0.0,,1,1,,,0,1,1,0,0,1,0,0,99
200500061974,5,9,1,715,1,1,1,2,7,318.0,ROCADE,,,,330,1.0,630.0,0.0,,1,2,24.0,700.0,0,2,2,0,70,2,3,1,99
200500061975,5,9,1,850,1,1,1,8,3,39.0,ROCADE,,,,330,1.0,630.0,0.0,,3,7,33.0,200.0,0,1,1,20,305,2,0,1,99
200500061976,5,9,1,930,1,1,1,2,4,63.0,ROCADE,,,,330,1.0,630.0,0.0,,3,4,3.0,600.0,0,2,1,10,190,2,2,1,99
200500061977,5,9,1,1950,1,1,1,1,6,63.0,ROCADE,,,,330,1.0,630.0,0.0,,3,4,5.0,300.0,3,0,1,10,200,1,0,1,99
200500061978,5,9,2,1802,1,1,1,1,2,90.0,AUTOROUTE,,,,330,1.0,63.0,0.0,,3,4,4.0,0.0,0,1,1,50,240,1,0,1,99
200500061979,5,9,4,740,1,1,1,1,6,162.0,ROCADE,,,,330,1.0,630.0,0.0,,3,4,12.0,500.0,0,1,1,90,280,1,0,1,99
200500061980,5,9,6,225,3,1,1,1,6,80.0,AUTOROUTE,,,,330,1.0,62.0,0.0,,3,4,1.0,500.0,0,1,1,50,240,1,0,3,99
200500061981,5,9,6,1735,1,1,1,8,2,162.0,ROCADE,,,,330,1.0,630.0,0.0,,3,4,12.0,500.0,0,1,1,60,250,1,0,1,99
200500061982,5,9,8,540,5,1,1,1,3,65.0,ROUTE NATIONALE,,,,330,2.0,230.0,0.0,,3,6,35.0,800.0,0,1,1,0,210,1,0,1,0
200500061983,5,9,8,1705,1,1,1,2,6,550.0,ROCADE,,,,330,1.0,630.0,0.0,,3,6,28.0,200.0,0,1,1,20,210,2,3,1,0
200500061984,5,9,8,1710,1,1,1,2,5,39.0,ROCADE,,,,330,1.0,630.0,0.0,,3,6,34.0,0.0,0,1,1,15,210,2,3,1,0
200500061985,5,9,8,2015,2,1,1,2,6,162.0,ROCADE,,,,330,1.0,630.0,0.0,,3,2,10.0,501.0,0,1,1,75,140,2,0,1,0
200500061986,5,9,8,2230,5,1,1,2,6,65.0,ROUTE NATIONALE,,,,330,2.0,230.0,0.0,,3,6,37.0,600.0,0,1,3,0,210,2,0,1,0
200500061987,5,9,11,850,1,1,1,2,2,448.0,AUTOROUTE,,,,330,1.0,62.0,0.0,,3,4,9.0,100.0,0,1,1,10,200,2,0,1,99
200500061988,5,9,12,1705,1,1,1,2,6,318.0,ROCADE,,,,330,1.0,630.0,0.0,,1,2,24.0,0.0,0,2,2,0,70,2,3,1,99
200500061989,5,9,13,2055,2,1,1,1,6,96.0,AUTOROUTE,,,,330,1.0,10.0,0.0,,3,7,541.0,400.0,0,1,1,0,245,1,0,1,0
200500061990,5,9,14,2115,2,1,1,1,2,192.0,ROCADE,,,,330,1.0,630.0,0.0,,3,6,27.0,200.0,0,1,1,0,210,1,0,1,0
200500061991,5,9,16,1550,1,1,1,2,2,162.0,ROCADE,,,,330,1.0,630.0,0.0,,3,4,13.0,780.0,0,1,1,10,200,2,0,1,99
200500061992,5,9,17,1325,1,1,1,1,3,397.0,AUTOROUTE,,,,330,1.0,630.0,0.0,,3,6,539.0,0.0,0,1,1,20,280,1,0,1,99
200500061993,5,9,21,810,1,1,1,1,2,63.0,ROCADE,,,,330,1.0,630.0,0.0,,3,6,4.0,100.0,0,2,1,0,210,1,2,1,99
200500061994,5,9,22,1525,1,1,1,1,2,63.0,ROCADE,,,,330,1.0,630.0,0.0,,3,4,3.0,500.0,0,2,1,0,210,1,2,1,99
200500061995,5,9,23,755,1,1,1,1,5,39.0,ROCADE,,,,330,1.0,631.0,0.0,,3,9,34.0,0.0,0,1,1,10,315,1,3,1,0
200500061996,5,9,23,855,1,1,1,1,5,75.0,ROCADE,,,,330,1.0,630.0,0.0,,3,4,10.0,0.0,0,1,1,100,140,1,0,1,0
200500061997,5,9,24,945,1,1,1,1,2,249.0,AUTOROUTE,,,,330,9.0,10.0,0.0,,1,2,542.0,700.0,0,3,1,0,70,1,0,1,0
200500061998,5,9,24,2009,1,1,1,1,2,65.0,ROUTE NATIONALE,,,,330,2.0,230.0,0.0,,3,6,35.0,25.0,0,1,1,10,210,1,0,1,0
200500061999,5,9,25,125,3,1,1,1,6,122.0,AUTOROUTE,,,,330,1.0,63.0,0.0,,3,4,10.0,550.0,0,1,1,90,140,1,0,1,0
200500062000,5,9,25,1550,1,1,1,2,6,318.0,AUTOROUTE,,,,330,1.0,0.0,0.0,,1,2,0.0,200.0,0,2,2,0,70,9,2,1,0
200500062001,5,9,25,1616,1,1,1,2,6,39.0,ROCADE,,,,330,1.0,630.0,0.0,,3,6,34.0,0.0,0,1,1,10,0,2,3,1,0
200500062002,5,9,25,1643,1,1,1,8,5,65.0,ROUTE NATIONALE,,,,330,2.0,230.0,0.0,,3,6,37.0,600.0,0,1,0,15,210,2,0,1,0