Num_Acc,an,mois,jour,hrmn,lum,agg,int,atm,col,com,adr,gps,lat,long,dep,catr,voie,v1,v2,circ,nbv,pr,pr1,vosp,prof,plan,lartpc,larrout,surf,infra,situ,env1
200500062003,5,9,25,1830,1,1,1,1,6,167.0,ROUTE NATIONALE,,,,330,2.0,230.0,0.0,,3,6,39.0,600.0,0,1,1,10,260,1,0,1,99
200500062004,5,9,27,755,2,1,1,1,5,162.0,ROCADE,,,,330,1.0,630.0,0.0,,3,4,12.0,800.0,0,1,1,100,140,1,0,1,0
200500062005,5,9,27,1230,1,1,1,1,6,448.0,AUTOROUTE,,,,330,1.0,0.0,0.0,,3,4,9.0,600.0,0,1,1,20,140,1,3,1,0
200500062006,5,9,28,1635,1,1,1,1,6,39.0,ROUTE NATIONALE,,,,330,2.0,230.0,0.0,,3,6,34.0,501.0,0,1,1,0,210,1,2,1,0
200500062938,5,10,10,2030,3,1,1,1,6,498.0,,M,44.511,-0.877,330,3.0,108.0,3.0,E,2,2,0.0,0.0,0,1,1,0,60,1,0,1,0
200500062939,5,10,25,930,1,2,9,1,3,519.0,91 avenue de SOULAC,M,0.0,0.0,330,3.0,1.0,0.0,,2,2,0.0,0.0,0,1,1,96,135,1,0,1,0
200500062940,5,10,23,1430,1,2,1,1,1,56.0,avenue du Gal De Gaulle,M,0.0,0.0,330,3.0,2.0,0.0,,2,2,0.0,0.0,0,1,1,0,0,1,0,1,0
200500062941,5,10,17,645,5,2,1,1,3,162.0,Avenue du Mï¿½doc,M,0.0,0.0,330,2.0,20215.0,0.0,,2,0,0.0,0.0,0,1,1,0,100,1,0,1,0
200500062942,5,10,31,1125,1,2,1,1,2,162.0,100 avenue du Mï¿½doc,M,0.0,0.0,330,2.0,2215.0,0.0,,2,2,0.0,0.0,0,0,1,0,0,2,0,1,0
200500062943,5,10,22,450,5,2,1,2,7,449.0,rue CAPSEC,M,0.0,0.0,330,3.0,211.0,0.0,,2,2,0.0,0.0,0,2,2,0,67,2,0,3,0
200500062944,5,10,11,1630,1,1,2,1,3,267.0,,M,45.275,-0.532,330,3.0,23.0,0.0,,2,1,13.0,625.0,0,0,1,0,66,1,0,1,0
200500062945,5,10,29,1545,1,1,1,1,5,380.0,,M,45.295,-0.569,330,2.0,137.0,0.0,,2,2,39.0,195.0,0,1,1,0,79,1,0,1,0
200500062946,5,10,31,2100,3,1,1,1,6,159.0,La Potence,M,45.233,-0.578,330,4.0,2.0,0.0,,2,0,0.0,0.0,0,1,2,0,30,1,0,3,0
200500062947,5,10,31,1345,1,1,1,1,6,473.0,,M,0.0,0.0,330,3.0,115.0,0.0,,2,2,13.0,200.0,0,0,2,0,59,1,0,3,0
200500062948,5,10,19,1645,1,2,1,1,3,433.0,D242-chemin de Peligon,M,44.92,-0.422,330,3.0,242.0,0.0,,2,2,5.0,0.0,0,1,1,0,0,1,0,1,0
200500062949,5,10,3,1345,1,2,1,1,3,96.0,08 rue du 11 Novembre 18,M,0.0,0.0,330,4.0,0.0,0.0,,2,2,0.0,0.0,0,1,1,0,61,1,0,1,0
200500062950,5,10,9,2245,3,2,1,1,7,213.0,2 bis avenue du reys,M,0.0,0.0,330,3.0,109.0,0.0,,2,2,14.0,454.0,0,0,1,0,69,1,0,1,0
200500062951,5,10,8,1415,1,1,1,1,2,33.0,"Lieu-dit ""Borde""",M,0.0,0.0,330,3.0,10.0,0.0,,2,0,90.0,500.0,0,1,1,0,65,1,0,1,0
200500062952,5,10,16,2000,5,2,1,1,2,140.0,RD14,M,44.775,-0.353,330,3.0,14.0,0.0,,2,2,0.0,0.0,0,1,3,0,0,1,0,1,0
200500062953,5,10,4,1345,1,2,1,1,6,165.0,avenue de lignan,M,44.823,-0.446,330,3.0,115.0,0.0,,2,2,57.0,300.0,0,1,2,0,60,1,0,1,0
200500062954,5,10,13,1730,1,2,1,9,1,13.0,63 boulevard FEYDEAU,M,44.86,-0.48,330,3.0,241.0,0.0,,2,2,2.0,750.0,0,2,2,0,52,2,0,1,0
200500062955,5,10,16,1100,1,1,1,1,7,496.0,,M,44.845,-0.404,330,3.0,241.0,0.0,,2,2,9.0,500.0,0,0,1,0,60,1,0,1,0
200500062956,5,10,27,700,5,1,1,1,3,535.0,,M,44.84,-0.49,330,3.0,936.0,0.0,,3,0,0.0,0.0,0,1,1,15,104,1,0,1,0
200500062957,5,10,8,1750,1,1,8,1,1,80.0,passage ï¿½ niveau nï¿½12,M,0.0,0.0,330,4.0,7.0,0.0,,2,2,0.0,0.0,0,2,1,0,60,1,4,1,0
200500062958,5,10,17,740,2,1,2,1,3,334.0,RN 113,M,0.0,0.0,330,2.0,113.0,0.0,,0,2,0.0,0.0,0,1,1,0,0,1,5,1,0
200500062959,5,10,19,930,1,1,1,1,3,30.0,lieu-dit Le Tucau,M,44.626,-0.326,330,2.0,113.0,0.0,,2,2,37.0,980.0,0,1,1,0,77,1,0,1,0
200500062960,5,10,27,2030,5,1,1,1,6,334.0,Lieu Dit Les Boudoubans,M,44.698,-0.433,330,2.0,113.0,0.0,,2,0,49.0,500.0,0,1,1,0,73,1,0,3,0
200500062961,5,10,28,830,2,2,2,2,3,120.0,,M,44.635,-0.333,330,2.0,113.0,0.0,,2,0,0.0,0.0,0,1,0,0,0,2,5,1,0
200500062962,5,10,2,1600,1,2,1,1,6,415.0,RUE DES ECOLES,M,0.0,0.0,330,3.0,137.0,0.0,,2,0,1.0,400.0,0,0,1,0,50,1,0,1,0
200500062963,5,10,25,800,2,2,1,1,4,366.0,Route de Libourne,M,44.997,-0.437,330,3.0,670.0,0.0,,0,0,0.0,0.0,0,1,1,0,0,1,0,1,0
200500062964,5,10,27,2000,2,1,1,1,2,366.0,,M,0.0,0.0,330,2.0,137.0,0.0,,2,0,2.0,0.0,0,1,1,0,90,1,0,1,3
200500062965,5,10,7,1915,1,1,1,1,1,164.0,,M,0.0,0.0,330,3.0,8.0,0.0,,0,0,0.0,0.0,0,0,0,0,0,0,0,0,0
200500062966,5,10,22,320,5,2,1,1,6,95.0,route de Mont de Marsan,M,0.0,0.0,330,3.0,932.0,0.0,,2,2,0.0,0.0,0,1,2,0,60,1,0,1,3
200500062967,5,10,23,15,3,2,1,8,6,137.0,"1, le Miqueux",M,0.0,0.0,330,3.0,655.0,8.0,E,2,2,0.0,820.0,0,1,1,0,38,2,0,1,0
200500062968,5,10,30,430,3,1,1,1,6,223.0,,M,44.755,0.157,330,3.0,234.0,0.0,,2,0,6.0,350.0,0,2,4,0,40,1,0,3,0
200500062969,5,10,29,1200,1,1,1,1,3,359.0,,M,44.641,0.037,330,3.0,668.0,0.0,,2,2,0.0,0.0,0,1,1,0,0,1,0,1,0
200500062970,5,10,7,2100,2,2,1,1,1,352.0,avenue de la Victoire,M,44.587,-0.037,330,9.0,0.0,0.0,,2,2,0.0,0.0,0,0,2,0,0,1,0,1,0
200500062971,5,10,24,745,2,1,1,5,3,221.0,,M,44.559,0.069,330,2.0,113.0,0.0,,2,2,0.0,0.0,0,1,1,0,126,1,5,1,0
200500062972,5,10,1,30,3,1,1,1,1,121.0,RD236,M,0.0,0.0,330,3.0,236.0,0.0,,2,2,0.0,0.0,0,0,3,0,0,1,0,1,0
200500062973,5,10,7,900,1,1,1,1,3,412.0,,M,45.211,-0.91,330,3.0,205.0,0.0,,2,2,138.0,50.0,0,1,1,60,0,1,0,1,0
200500062974,5,10,17,1,1,1,1,1,6,476.0,,M,0.0,0.0,330,3.0,2.0,0.0,,2,1,0.0,0.0,0,0,1,0,50,1,0,3,0
200500062975,5,10,22,1100,1,1,1,1,6,417.0,,M,44.939,-0.939,330,3.0,5.0,0.0,,2,2,0.0,0.0,0,1,1,0,0,1,0,3,0
200500062976,5,10,20,2215,5,2,9,1,3,256.0,rue du gï¿½nï¿½ral de gaulle,M,0.0,0.0,330,3.0,210.0,0.0,,2,2,0.0,0.0,0,1,1,0,0,1,0,1,0
200500062977,5,10,7,1330,1,1,1,1,6,28.0,lieu dit  Petit-jean,M,0.0,0.0,330,3.0,20.0,0.0,,2,0,10.0,400.0,0,1,1,0,70,1,0,3,0
200500062978,5,10,15,1900,3,1,1,3,6,296.0,,M,44.846,-0.015,330,3.0,15.0,0.0,,2,0,0.0,0.0,0,1,2,0,0,2,0,3,0
200500062979,5,10,11,900,1,1,1,1,3,394.0,,M,44.899,-0.201,330,3.0,670.0,0.0,,2,0,0.0,0.0,0,1,1,0,60,2,0,1,0
200500062980,5,10,28,1715,1,1,1,8,1,394.0,ateau SOUTARD  - CD 243,M,0.0,0.0,330,3.0,243.0,0.0,,2,2,0.0,0.0,0,2,3,0,53,1,0,1,0
200500062981,5,10,13,2000,5,1,1,2,3,138.0,,M,0.0,0.0,330,3.0,10.0,0.0,,2,2,10.0,100.0,0,0,1,0,70,2,0,1,0
200500062982,5,10,23,1830,1,1,1,7,1,138.0,,M,45.106,-0.03,330,3.0,674.0,0.0,,2,2,3.0,0.0,0,1,1,0,73,1,0,1,0
200500062983,5,10,11,1830,1,1,1,1,3,387.0,,M,45.031,-0.266,330,4.0,0.0,0.0,,2,0,0.0,0.0,0,3,1,0,70,1,0,1,0
200500062984,5,10,25,2000,3,1,1,1,6,393.0,"de PARIS, Voie publique",M,0.0,0.0,330,3.0,910.0,0.0,,2,2,14.0,775.0,0,1,1,0,80,1,0,1,0
200500062985,5,10,31,1230,1,2,1,1,3,218.0,Bourg de LA GUIRANDE,M,0.0,0.0,330,3.0,910.0,0.0,,2,2,0.0,120.0,0,2,1,0,70,8,0,1,0
200500064423,5,10,4,1200,1,1,1,1,3,203.0,,M,45.204,-0.944,330,3.0,205.0,0.0,,2,2,0.0,0.0,0,1,1,0,62,1,5,1,0
200500064424,5,10,27,1600,1,1,1,1,1,97.0,,M,45.075,-1.003,330,3.0,207.0,0.0,,2,2,18.0,0.0,0,1,1,0,68,1,5,1,0
200500064437,5,10,11,1900,1,1,6,1,6,234.0,,M,44.809,-0.503,330,3.0,10.0,0.0,,2,0,0.0,0.0,0,1,0,0,80,1,5,1,0
200500064468,5,10,8,1830,2,2,1,1,3,5.0,avenue de Taussat,M,44.735,-1.076,330,3.0,3.0,0.0,,0,0,84.0,900.0,0,0,0,0,0,0,0,0,0
200500064571,5,10,5,1445,1,1,1,1,4,284.0,,M,44.64,-0.83,330,1.0,63.0,0.0,A,1,4,22.0,500.0,0,1,1,100,174,1,3,1,0
200500064572,5,10,7,1900,3,1,1,1,2,42.0,,M,44.42,-0.81,330,1.0,63.0,0.0,,3,2,46.0,0.0,0,1,1,0,72,1,0,1,0
200500064573,5,10,15,1800,3,1,1,3,7,260.0,A63 sens Sud /Nord PR38,M,0.0,0.0,330,1.0,63.0,0.0,,3,2,38.0,0.0,0,0,1,110,70,2,0,1,0
200500064574,5,10,15,1845,3,1,1,3,7,527.0,,M,44.616,-1.014,330,1.0,660.0,0.0,,3,0,17.0,0.0,0,0,1,0,80,2,0,1,0
200500064599,5,10,22,815,1,1,9,2,5,380.0,,M,45.29,-0.55,330,1.0,10.0,0.0,A,3,2,493.0,155.0,0,1,1,30,70,2,0,1,0
200500066010,5,10,12,1454,1,1,1,1,7,529.0,BISCAROSSE (AVE) DUNE VE,,,,330,3.0,0.0,0.0,,2,2,13.0,61.0,0,2,1,0,68,2,0,3,99
200500066011,5,10,18,1210,1,2,1,2,6,9.0,"66, PLAGE (BD DE LA) DU",,,,330,4.0,0.0,0.0,,2,2,,,0,1,1,0,84,2,0,1,99
200500066012,5,10,14,1525,1,1,1,1,2,529.0,RN 250 (OUSTALET - BONNE,,,,330,2.0,0.0,0.0,,2,2,,,0,1,1,10,72,1,0,1,99
200500066013,5,10,11,920,1,2,1,1,1,529.0,"80, SAINT-EXUPERY (AVE)",,,,330,4.0,0.0,0.0,,2,2,,,0,1,1,0,64,1,0,1,99
200500066014,5,10,21,430,5,2,1,2,6,9.0,"52, OCEAN (BD DE L'.)",,,,330,4.0,0.0,0.0,,1,1,,,0,1,1,0,32,2,0,1,99
200500066015,5,10,22,1045,1,2,1,1,6,529.0,"1, LAGRUA (CH.)",,,,330,6.0,0.0,0.0,,1,1,,,0,1,1,0,40,1,0,1,0
200500066016,5,10,1,1940,1,2,2,1,3,63.0,"000, CRS PASTEUR",,,,330,4.0,0.0,0.0,,3,2,,,0,1,1,21,125,1,4,1,0
200500066017,5,10,2,1550,1,2,2,1,2,63.0,BD DU PRESIDENT WILSON,,,,330,4.0,0.0,0.0,,3,4,,,2,1,1,0,72,1,0,1,0
200500066018,5,10,1,1815,1,2,3,1,6,63.0,AVE ABADIE,,,,330,4.0,0.0,0.0,,2,2,,,0,1,1,0,60,1,0,1,0
200500066019,5,10,3,730,2,2,3,1,1,63.0,AVE D'EYSINES CAUD,,,,330,4.0,0.0,0.0,,2,2,,,0,1,1,0,82,1,0,1,0
200500066020,5,10,3,930,1,2,3,1,1,63.0,RUE GENERAL GOURAUD CAUD,,,,330,4.0,0.0,0.0,,2,2,,,0,1,1,0,58,1,0,1,0
200500066021,5,10,3,1340,1,2,2,1,3,63.0,RUE ABBE DE L'EPEE,,,,330,4.0,0.0,0.0,,2,2,,,2,1,1,0,55,1,0,1,0
200500066022,5,10,3,2345,5,2,1,1,2,63.0,"11, QUAI DES CHARTRONS",,,,330,4.0,0.0,0.0,,3,4,,,0,1,0,14,130,1,0,1,0
200500066023,5,10,4,730,1,1,3,1,3,63.0,RUE H. COLLIGNON,,,,330,4.0,0.0,0.0,,2,2,,,0,1,0,0,63,1,0,1,0
200500066024,5,10,4,830,1,2,3,1,3,63.0,AVE MAL DE LATTRE TASSIG,,,,330,4.0,0.0,0.0,,2,3,,,2,1,1,0,0,1,0,1,0
200500066025,5,10,4,900,1,2,1,1,2,63.0,"157, BD MARECHAL LECLERC",,,,330,4.0,0.0,0.0,,3,5,,,2,1,1,0,172,1,0,1,0
200500066026,5,10,3,1745,1,2,2,1,7,63.0,RUE DE PESSAC,,,,330,4.0,0.0,0.0,,2,3,,,0,1,1,0,0,1,0,1,0
200500066027,5,10,4,1152,1,2,1,1,3,63.0,"6, AVE CHARLES DE GAULLE",,,,330,4.0,0.0,0.0,,1,2,,,0,1,1,0,105,0,0,1,0
200500066028,5,10,5,2205,5,2,3,1,6,63.0,"132, CRS PORTAL",,,,330,4.0,0.0,0.0,,2,2,,,0,1,1,0,46,1,0,1,0
200500066029,5,10,1,1422,1,2,1,1,3,39.0,"100, AVE DU PROFESSEUR B",,,,330,4.0,0.0,0.0,,2,2,,,0,1,1,0,56,1,0,1,0
200500066030,5,10,3,850,1,2,1,1,3,318.0,"192, AVE DU GENERAL LECL",,,,330,4.0,0.0,0.0,,2,5,,,2,1,1,0,169,1,0,1,0
200500066031,5,10,4,1318,1,2,2,1,3,119.0,BD ANDRE RICARD,,,,330,4.0,0.0,0.0,,3,4,,,1,1,1,0,142,1,0,1,0
200500066032,5,10,5,2015,5,2,2,1,1,63.0,CRS ARISTIDE BRIAND,,,,330,4.0,0.0,0.0,,2,3,,,2,1,1,0,75,1,0,1,0
200500066033,5,10,6,1750,1,2,1,1,6,281.0,AVE DES FRERES ROBINSON,,,,330,4.0,0.0,0.0,,3,3,,,0,1,1,0,90,1,0,1,0
200500066034,5,10,7,30,5,2,1,1,2,63.0,"137, AVE THIERS",,,,330,4.0,0.0,0.0,,3,3,,,2,1,1,0,0,1,4,5,0
200500066035,5,10,3,1340,1,2,2,1,3,75.0,RUE JULES LADOUMEGUE,,,,330,4.0,0.0,0.0,,1,2,,,0,1,1,0,100,1,0,1,0
200500066036,5,10,8,1420,1,2,2,1,3,63.0,RUE CHARLES MARIONNEAU,,,,330,4.0,0.0,0.0,,1,1,,,0,1,1,0,30,1,0,1,0
200500066037,5,10,7,1600,1,2,2,1,6,63.0,BD ALBERT 1ER,,,,330,4.0,0.0,0.0,,3,4,,,0,1,1,0,0,1,0,1,0
200500066038,5,10,7,2100,5,2,2,1,7,63.0,RUE DE SEGUR,,,,330,4.0,0.0,0.0,,1,1,,,0,1,1,0,64,1,0,1,0
200500066039,5,10,7,2125,5,2,2,1,1,63.0,RUE DE LA BECHADE,,,,330,4.0,0.0,0.0,,2,3,,,2,1,1,0,112,1,0,1,0
200500066040,5,10,8,1245,1,2,2,1,6,63.0,RUE BARREYRE,,,,330,4.0,0.0,0.0,,1,1,,,0,1,1,0,70,1,0,1,0
200500066041,5,10,8,1915,1,2,1,1,6,75.0,BD DU PARC DES EXPOSITIO,,,,330,4.0,0.0,0.0,,2,2,,,1,1,1,0,800,1,0,1,0
200500066042,5,10,9,120,5,2,1,1,6,63.0,"2, RUE DOC CHARLES NANCE",,,,330,4.0,0.0,0.0,,3,2,,,0,1,1,0,53,1,0,1,0
200500066043,5,10,4,740,1,2,2,1,1,249.0,AVE DE PARIS,,,,330,4.0,0.0,0.0,,1,2,,,0,1,1,0,0,1,0,1,0
200500066044,5,10,4,1140,1,2,1,2,3,550.0,"451, RTE DE TOULOUSE",,,,330,4.0,0.0,0.0,,2,3,,,0,1,1,0,156,1,0,1,0
200500066045,5,10,4,1837,1,2,1,1,2,550.0,AVE DES PYRENEES,,,,330,4.0,0.0,0.0,,3,2,,,2,1,1,22,144,1,0,1,0
200500066046,5,10,9,2010,5,2,3,1,3,63.0,QUAI DESCHAMPS,,,,330,4.0,0.0,0.0,,3,5,,,0,1,1,30,169,1,0,1,0
200500066047,5,10,10,735,1,2,2,1,3,63.0,PASS TERRASSON,,,,330,4.0,0.0,0.0,,1,1,,,0,1,1,0,35,1,0,1,0
200500066048,5,10,10,1340,1,2,1,1,2,63.0,"10, CRS LE ROUZIC",,,,330,4.0,0.0,0.0,,2,2,,,2,1,1,0,60,1,0,1,0
200500066049,5,10,10,1650,1,2,3,1,3,63.0,RUE DE LA COURSE,,,,330,4.0,0.0,0.0,,1,1,,,2,1,2,0,0,1,0,1,0
200500066050,5,10,10,1725,1,2,2,1,3,63.0,RUE PERINOT CAUD,,,,330,4.0,0.0,0.0,,2,6,,,0,1,1,0,0,1,0,1,0
200500066051,5,10,10,1805,1,2,2,1,3,63.0,ALL JEAN GIONO,,,,330,3.0,0.0,0.0,,2,2,,,0,1,0,0,60,0,0,1,0
200500066052,5,10,5,1556,1,2,2,1,3,281.0,AVE BON AIR,,,,330,4.0,0.0,0.0,,2,2,,,2,1,1,0,75,1,0,1,0
200500066053,5,10,6,1800,1,2,4,1,3,281.0,AVE DE LA LIBERATION,,,,330,4.0,0.0,0.0,,2,2,,,0,1,1,0,720,1,0,1,0
200500066054,5,10,11,745,1,2,1,1,6,63.0,BD ALFRED DANEY,,,,330,4.0,0.0,0.0,,2,2,,,2,1,1,0,0,2,0,1,0
200500066055,5,10,6,1704,1,2,1,1,6,281.0,AVE DE BELFORT,,,,330,4.0,0.0,0.0,,2,1,,,0,1,1,0,60,1,0,0,0
200500066056,5,10,6,1715,1,2,1,1,6,39.0,"46, CRS VICTOR HUGO",,,,330,4.0,0.0,0.0,,2,2,,,0,1,1,0,73,1,0,1,0
200500066057,5,10,7,930,1,2,1,1,3,39.0,RUE LOUIS BLERIOT,,,,330,4.0,0.0,0.0,,2,2,,,0,1,1,0,58,1,0,1,0
200500066058,5,10,8,50,5,2,1,1,6,119.0,AVE CARNOT,,,,330,4.0,0.0,0.0,,1,2,,,1,1,1,0,25,1,0,1,0
200500066059,5,10,9,1530,1,2,1,1,3,119.0,"68, AVE JEAN JAURES",,,,330,4.0,0.0,0.0,,1,2,,,1,1,4,0,59,1,0,1,0
200500066060,5,10,9,1630,1,2,1,1,4,281.0,"25, RUE DE BEAUDESERT",,,,330,4.0,0.0,0.0,,2,2,,,0,1,1,0,60,1,0,1,0
200500066061,5,10,12,2150,5,2,2,2,3,63.0,RUE CHARLES DOMERCQ,,,,330,4.0,0.0,0.0,,2,2,,,0,2,1,0,58,1,0,1,0
200500066062,5,10,7,1325,1,2,1,1,6,281.0,"44, RTE JEAN BRIAUD",,,,330,4.0,0.0,0.0,,2,2,,,0,1,1,0,60,1,0,1,0
200500066063,5,10,9,1305,1,2,2,1,3,69.0,RUE DES ECUS,,,,330,4.0,0.0,0.0,,2,2,,,0,1,1,0,90,1,0,1,0
200500066064,5,10,13,1130,1,2,1,2,4,63.0,"180, BD DU PRESIDENT WIL",,,,330,4.0,0.0,0.0,,3,4,,,2,1,1,0,0,2,0,1,0
200500066065,5,10,5,1819,1,2,1,1,3,281.0,AVE PIERRE MENDES FRANCE,,,,330,4.0,0.0,0.0,,2,2,,,1,1,1,0,109,1,0,1,0
200500066066,5,10,8,1700,1,2,1,1,3,39.0,"91, QUAI DU PRESIDENT WI",,,,330,4.0,0.0,0.0,,2,2,,,2,1,1,0,76,1,0,1,0
200500066067,5,10,9,1000,1,2,3,5,3,63.0,RUE EDOUARD BRANLY,,,,330,4.0,0.0,0.0,,2,2,,,0,1,1,0,60,1,0,1,0
200500066068,5,10,11,910,1,2,3,1,3,75.0,AVE MARYSE BASTIE,,,,330,4.0,0.0,0.0,,2,2,,,0,1,1,0,48,1,0,1,0
200500066069,5,10,11,940,1,2,3,1,3,281.0,"91, AVE DE MAGUDAS",,,,330,4.0,0.0,0.0,,2,3,,,0,1,1,0,92,1,0,1,0
200500066070,5,10,15,420,5,2,1,1,7,318.0,"270, AVE PASTEUR",,,,330,4.0,0.0,0.0,,3,2,,,1,1,2,12,57,1,0,1,0
200500066071,5,10,16,620,5,2,1,1,6,63.0,BD DES FRERES MOGA,,,,330,4.0,0.0,0.0,,2,5,,,1,4,2,0,33,1,3,2,0
200500066072,5,10,12,800,2,1,4,1,1,75.0,PSTE CYCLABLE BX-LACANAU,,,,330,4.0,0.0,0.0,,2,2,,,1,1,1,0,0,1,0,5,0
200500066073,5,10,12,1610,1,2,3,1,6,119.0,RUE GASTON DEFFERRE,,,,330,4.0,0.0,0.0,,1,2,,,0,1,1,0,57,1,0,1,0
200500066074,5,10,13,1900,1,2,1,2,4,63.0,"20, QUAI RICHELIEU",,,,330,4.0,0.0,0.0,,3,4,,,0,1,1,0,0,1,0,1,0
200500066075,5,10,15,1905,1,2,2,1,1,281.0,CRS D'ORNANO,,,,330,4.0,0.0,0.0,,1,2,,,0,1,1,0,71,1,0,1,0
200500066076,5,10,15,2110,5,1,2,2,2,63.0,RUE SERVANDONI,,,,330,4.0,0.0,0.0,,1,1,,,0,1,1,0,60,2,0,1,0
200500066077,5,10,15,2235,5,2,2,2,3,63.0,BD ANTOINE GAUTIER,,,,330,4.0,0.0,0.0,,3,4,,,0,1,1,0,0,2,0,1,0
200500066078,5,10,16,1345,1,2,2,1,3,63.0,RUE VERGNIAUD,,,,330,4.0,0.0,0.0,,1,1,,,0,1,1,0,45,1,0,1,0
200500066079,5,10,16,1730,1,2,3,1,6,63.0,"37, CRS VICTOR HUGO",,,,330,4.0,0.0,0.0,,2,4,,,0,1,1,0,0,1,0,1,0
200500066080,5,10,17,855,1,2,2,1,3,63.0,"44, CRS ARISTIDE BRIAND",,,,330,4.0,0.0,0.0,,2,3,,,2,1,1,0,122,1,0,1,0
200500066081,5,10,17,1600,1,2,2,1,1,63.0,RUE CHARLES DOMERCQ,,,,330,4.0,0.0,0.0,,1,2,,,3,1,1,30,75,1,2,1,0
200500066082,5,10,9,1130,1,2,2,1,3,63.0,RUE LAJARTE,,,,330,4.0,0.0,0.0,,1,1,,,0,1,1,0,25,1,0,1,0
200500066083,5,10,11,1505,1,2,1,1,3,192.0,"223, CRS DU GENERAL DE G",,,,330,4.0,0.0,0.0,,2,2,,,0,1,1,0,79,1,0,1,0
200500066084,5,10,14,1810,1,2,1,1,1,249.0,"35, RUE MICHEL MONTAIGNE",,,,330,5.0,0.0,0.0,,2,1,,,0,1,1,40,60,1,0,1,0
200500066085,5,10,15,2150,5,2,5,2,2,318.0,ROC ROCADE SUD-OUEST,,,,330,4.0,0.0,0.0,,2,2,,,0,1,1,0,65,2,3,1,0
200500066086,5,10,16,1750,1,2,1,1,6,32.0,"10, AVE DE LA SOMME",,,,330,4.0,0.0,0.0,,3,1,,,2,1,1,3,100,1,0,1,0
200500066087,5,10,16,1534,1,2,2,1,3,281.0,RUE ROBERT BALLION,,,,330,4.0,0.0,0.0,,1,3,,,0,1,1,0,570,1,0,1,0
200500066088,5,10,18,1540,1,2,3,2,3,63.0,AVE DE LA JALLERE,,,,330,4.0,0.0,0.0,,2,2,,,0,1,1,0,74,2,0,1,0
200500066089,5,10,12,720,1,2,6,1,3,192.0,CHEM DU SOLARIUM,,,,330,4.0,0.0,0.0,,2,2,,,0,1,1,0,100,1,0,1,0
200500066090,5,10,14,1650,1,2,1,1,3,281.0,"53, AVE HENRI VIGNEAU",,,,330,4.0,0.0,0.0,,2,2,,,0,1,0,45,178,1,0,1,0
200500066091,5,10,14,2030,5,2,1,2,3,75.0,"490/492, RTE DU MEDOC",,,,330,4.0,0.0,0.0,,3,2,,,0,1,1,19,70,2,0,1,0
200500066092,5,10,15,1850,2,2,2,1,3,39.0,RUE LOUISE ET JEAN SABAI,,,,330,4.0,0.0,0.0,,2,1,,,0,1,1,0,58,1,0,1,0
200500066093,5,10,17,803,1,2,3,1,1,318.0,ROC ROCADE SUD-OUEST,,,,330,4.0,0.0,0.0,,1,1,,,0,1,1,0,200,1,3,1,0
200500066094,5,10,20,705,5,2,1,1,3,63.0,RUE CHARLES DOMERCQ,,,,330,4.0,0.0,0.0,,2,2,,,0,2,1,0,55,1,0,1,0
200500066095,5,10,20,2155,5,2,2,1,1,63.0,RUE DUBOURDIEU,,,,330,4.0,0.0,0.0,,1,1,,,0,1,1,0,51,1,0,1,0
200500066096,5,10,17,810,2,2,3,1,3,550.0,CHEM DE LEYSOTTE,,,,330,4.0,0.0,0.0,,2,2,,,0,1,2,0,80,1,0,1,0
200500066097,5,10,17,1925,5,2,4,1,3,318.0,AVE DE CANEJAN,,,,330,4.0,0.0,0.0,,2,2,,,2,1,1,0,87,1,0,1,0
200500066098,5,10,18,840,1,2,2,2,3,39.0,AVE JEANNE D'ARC,,,,330,4.0,0.0,0.0,,2,1,,,0,1,1,0,78,1,0,1,3