Num_Acc,an,mois,jour,hrmn,lum,agg,int,atm,col,com,adr,gps,lat,long,dep,catr,voie,v1,v2,circ,nbv,pr,pr1,vosp,prof,plan,lartpc,larrout,surf,infra,situ,env1
200500066099,5,10,18,1240,1,2,1,2,1,281.0,AVE DU CHUT,,,,330,4.0,0.0,0.0,,2,2,,,0,2,2,0,60,2,2,1,0
200500066100,5,10,22,925,1,2,3,1,6,63.0,RUE MANDRON,,,,330,4.0,0.0,0.0,,2,2,,,0,1,1,0,0,1,0,1,0
200500066101,5,10,23,2135,4,2,1,1,2,63.0,QUAI LOUIS XVIII,,,,330,4.0,0.0,0.0,,3,4,,,0,1,1,35,0,1,0,1,0
200500066102,5,10,22,1925,5,2,1,1,1,63.0,"5/7, RTE DE TOULOUSE",,,,330,4.0,0.0,0.0,,2,3,,,0,1,1,0,113,1,0,1,0
200500066103,5,10,21,1925,5,2,2,1,6,63.0,PCE DES QUINCONCES,,,,330,4.0,0.0,0.0,,0,2,,,2,1,1,0,95,1,0,1,0
200500066104,5,10,20,1655,1,2,1,1,3,522.0,"213, CRS GAMBETTA",,,,330,4.0,0.0,0.0,,2,2,,,3,1,1,65,125,1,4,1,0
200500066105,5,10,20,1810,1,2,1,1,6,522.0,"142, AVE ROUL",,,,330,4.0,0.0,0.0,,3,3,,,3,1,1,25,116,1,4,1,0
200500066106,5,10,24,800,1,2,2,5,3,69.0,RUE PAUL BERT,,,,330,4.0,0.0,0.0,,2,3,,,0,1,1,0,100,1,0,1,0
200500066107,5,10,25,310,5,2,5,1,6,63.0,RUE DE PESSAC,,,,330,4.0,0.0,0.0,,2,2,,,0,1,1,0,72,1,0,1,0
200500066108,5,10,25,950,1,2,1,1,3,63.0,"52, RUE STEHELIN CAUD",,,,330,4.0,0.0,0.0,,2,2,,,2,1,1,0,64,1,0,1,0
200500066109,5,10,25,1245,1,2,2,1,3,63.0,RUE CHARLES CHAUMET CAUD,,,,330,4.0,0.0,0.0,,1,1,,,0,1,2,0,56,1,0,1,0
200500066110,5,10,25,1745,1,2,1,1,3,63.0,"309, BD ALFRED DANEY",,,,330,4.0,0.0,0.0,,2,2,,,2,1,1,0,118,1,0,1,0
200500066111,5,10,15,940,1,2,1,1,2,249.0,AVE CARNOT,,,,330,4.0,0.0,0.0,,3,4,,,2,1,1,0,0,1,0,1,0
200500066112,5,10,15,1340,1,2,3,1,3,167.0,RUE DE LA GABARE,,,,330,4.0,0.0,0.0,,2,2,,,0,1,1,0,70,1,0,1,0
200500066113,5,10,25,1850,1,2,1,1,6,63.0,RUE GENERAL DE LARMINAT,,,,330,4.0,0.0,0.0,,1,2,,,2,1,1,0,80,1,0,4,0
200500066114,5,10,26,1530,1,2,5,1,3,63.0,CRS DE L'ARGONNE,,,,330,4.0,0.0,0.0,,1,1,,,0,1,1,0,106,1,0,1,0
200500066115,5,10,21,1523,1,2,1,1,3,550.0,"509, RTE DE TOULOUSE",,,,330,4.0,0.0,0.0,,2,2,,,0,1,1,0,90,1,0,1,0
200500066116,5,10,22,1116,1,2,1,1,1,69.0,"104, BD DU MARECHAL LYAU",,,,330,4.0,0.0,0.0,,2,2,,,0,1,1,0,100,1,0,1,0
200500066117,5,10,23,1400,1,2,3,1,3,318.0,ROC ROCADE SUD-OUEST,,,,330,4.0,0.0,0.0,,1,1,,,0,1,2,0,85,1,3,1,0
200500066118,5,10,23,1900,2,1,1,1,4,249.0,AVE DU PRESIDENT J.F. KE,,,,330,4.0,0.0,0.0,,3,3,,,2,1,1,10,90,1,0,1,0
200500066119,5,10,28,710,1,2,2,2,6,63.0,RUE EDMOND COSTEDOAT,,,,330,4.0,0.0,0.0,,1,3,,,0,1,1,0,98,2,0,1,0
200500066120,5,10,24,1630,1,2,3,1,1,75.0,AVE CONRAD GAUSSENS,,,,330,4.0,0.0,0.0,,2,2,,,0,1,4,0,58,1,0,1,0
200500066121,5,10,25,925,1,2,1,1,4,550.0,"51, AVE DE GALGON",,,,330,4.0,0.0,0.0,,1,1,,,0,1,1,0,72,1,0,1,0
200500066122,5,10,25,1445,1,2,4,1,5,281.0,AVE DE LA SOMME,,,,330,4.0,0.0,0.0,,2,2,,,0,1,1,50,187,1,0,1,0
200500066123,5,10,27,1000,1,2,2,1,6,63.0,CRS PORTAL,,,,330,4.0,0.0,0.0,,2,2,,,2,1,1,0,140,1,0,1,0
200500066124,5,10,27,2155,5,2,2,1,6,63.0,"104, CRS VICTOR HUGO",,,,330,4.0,0.0,0.0,,2,4,,,3,1,1,0,66,1,0,1,0
200500066125,5,10,28,2225,5,2,2,2,3,167.0,COTE DE MONREPOS,,,,330,4.0,0.0,0.0,,2,2,,,0,2,1,10,180,2,0,1,0
200500066126,5,10,26,1355,1,2,2,1,3,318.0,AVE DE LA TUILERANNE,,,,330,4.0,0.0,0.0,,2,0,,,2,1,1,0,109,1,0,1,0
200500066127,5,10,26,1443,1,2,1,1,3,318.0,"13, AVE DU BOURGAILH",,,,330,4.0,0.0,0.0,,2,2,,,2,1,1,0,118,1,0,1,0
200500066128,5,10,27,1033,1,2,3,1,3,522.0,RUE PAUL LOUIS COURRIER,,,,330,4.0,0.0,0.0,,2,2,,,0,1,1,0,50,1,0,1,0
200500066129,5,10,30,2100,5,2,2,1,3,63.0,RUE DE LASEPPE,,,,330,4.0,0.0,0.0,,1,1,,,0,1,1,0,38,1,0,1,0
200500066130,5,10,28,1730,1,2,1,8,6,63.0,"23, ALL DE TOURNY",,,,330,4.0,0.0,0.0,,1,1,,,1,1,1,0,80,1,0,1,0
200500066131,5,10,28,1525,1,2,1,2,3,63.0,"371, AVE THIERS",,,,330,4.0,0.0,0.0,,3,5,,,3,1,1,0,314,2,4,1,0
200500066132,5,10,28,1635,1,2,3,2,3,63.0,BD DU PRESIDENT WILSON,,,,330,4.0,0.0,0.0,,3,2,,,2,1,1,0,91,2,0,1,0
200500066133,5,10,31,1405,1,2,5,1,3,63.0,RUE GEORGES BONNAC,,,,330,4.0,0.0,0.0,,1,2,,,2,1,2,0,0,1,0,1,0
200500066134,5,10,31,1645,1,2,3,1,6,63.0,"2, CRS SAINT LOUIS",,,,330,4.0,0.0,0.0,,1,2,,,2,1,1,0,110,1,0,1,0
200500066135,5,10,27,1048,1,2,3,1,1,75.0,AVE CONRAD GAUSSENS,,,,330,4.0,0.0,0.0,,2,2,,,0,1,1,30,40,1,0,1,0
200500066136,5,10,27,1550,1,2,3,1,1,318.0,AVE ARAGO,,,,330,4.0,0.0,0.0,,2,2,,,2,1,1,0,110,1,0,1,0
200500066137,5,10,28,1305,1,2,1,1,6,39.0,RUE DENIS PAPIN,,,,330,4.0,0.0,0.0,,3,2,,,0,1,1,10,58,1,0,1,0
200500066138,5,10,29,2250,5,2,1,1,7,522.0,"85, CRS GAMBETTA",,,,330,4.0,0.0,0.0,,3,3,,,0,1,1,0,0,1,0,1,0
200500066139,5,10,31,1640,1,2,2,7,3,318.0,AVE DU GENERAL LECLERC,,,,330,4.0,0.0,0.0,,2,5,,,0,1,1,0,170,1,0,1,0
200500066140,5,10,31,1800,2,2,1,1,3,318.0,"75, AVE JEAN JAURES",,,,330,4.0,0.0,0.0,,2,2,,,0,1,1,0,115,1,0,1,0
200500066141,5,10,31,1525,1,2,2,1,3,550.0,CHEM DU PAS DE LA COTE,,,,330,4.0,0.0,0.0,,2,2,,,0,2,1,0,70,1,0,1,3
200500070098,5,10,4,1640,1,1,1,1,2,63.0,ROCADE,,,,330,1.0,630.0,0.0,,3,4,5.0,0.0,0,1,1,50,240,1,0,1,99
200500070099,5,10,4,130,5,1,1,1,6,65.0,ROUTE NATIONALE,,,,330,2.0,230.0,0.0,,3,6,37.0,800.0,0,2,1,10,270,1,0,1,99
200500070100,5,10,5,1140,1,1,1,1,5,122.0,AUTOROUTE,,,,330,1.0,63.0,0.0,,3,4,8.0,0.0,0,1,1,100,140,1,0,1,99
200500070101,5,10,7,935,1,1,1,1,5,249.0,ROUTE NATIONALE,,,,330,2.0,230.0,0.0,,3,6,43.0,400.0,0,1,1,10,270,1,0,1,99
200500070102,5,10,7,1140,1,1,1,1,3,249.0,ROUTE NATIONALE,,,,330,2.0,230.0,0.0,,3,6,43.0,500.0,0,1,1,10,270,1,0,1,99
200500070103,5,10,8,1915,1,1,1,1,6,318.0,ROCADE,,,,330,1.0,630.0,0.0,,1,1,23.0,0.0,0,1,3,10,60,1,3,1,99
200500070104,5,10,13,1115,1,1,1,2,6,550.0,ROCADE,,,,330,1.0,630.0,0.0,,1,2,31.0,100.0,0,1,4,0,70,2,3,1,99
200500070105,5,10,13,1700,1,1,1,2,6,13.0,ROUTE NATIONALE,,,,330,2.0,230.0,0.0,,3,8,42.0,503.0,0,1,1,40,390,2,3,3,99
200500070106,5,10,13,1938,5,1,1,2,2,75.0,ROCADE,,,,330,1.0,630.0,0.0,,3,4,9.0,150.0,0,1,1,40,230,2,0,1,99
200500070107,5,10,15,2350,5,1,1,2,6,249.0,ROUTE NATIONALE,,,,330,2.0,230.0,0.0,,3,6,44.0,90.0,0,2,1,10,270,2,0,1,99
200500070108,5,10,15,2355,5,1,1,2,6,65.0,ROUTE NATIONALE,,,,330,2.0,230.0,0.0,,3,6,36.0,200.0,0,2,1,10,270,2,0,1,99
200500070109,5,10,17,30,5,1,1,1,6,249.0,ROUTE NATIONALE,,,,330,2.0,230.0,0.0,,1,2,44.0,0.0,0,1,3,0,100,1,3,1,99
200500070110,5,10,20,810,2,1,1,1,6,63.0,ROCADE,,,,330,1.0,630.0,0.0,,3,4,3.0,700.0,0,2,1,0,210,1,2,1,99
200500070111,5,10,23,905,1,1,1,8,3,63.0,ROCADE,,,,330,1.0,630.0,0.0,,3,6,5.0,400.0,0,1,1,10,270,1,3,1,99
200500070112,5,10,24,1720,1,1,1,1,5,167.0,ROUTE NATIONALE,,,,330,2.0,230.0,0.0,,3,6,39.0,500.0,0,2,3,15,210,1,0,1,0
200500070113,5,10,28,435,5,1,1,2,6,63.0,ROCADE,,,,330,1.0,630.0,0.0,,1,1,5.0,0.0,0,1,2,0,55,2,3,1,99
200500070114,5,10,28,745,2,1,1,2,6,162.0,ROCADE,,,,330,1.0,630.0,0.0,,3,4,12.0,500.0,0,1,1,100,140,2,0,1,0
200500070115,5,10,29,10,5,1,1,2,6,249.0,ROUTE NATIONALE,,,,330,2.0,230.0,0.0,,3,6,43.0,500.0,0,1,1,10,210,2,0,1,0
200500070116,5,10,29,2205,5,1,1,1,6,281.0,ROCADE,,,,330,1.0,630.0,0.0,,3,4,15.0,20.0,0,1,1,100,140,1,0,1,0
200500070117,5,10,30,130,5,1,1,1,6,192.0,ROCADE,,,,330,1.0,630.0,0.0,,3,6,25.0,900.0,0,1,1,30,210,1,0,1,0
200500070118,5,10,30,512,2,1,1,1,6,318.0,AUTOROUTE,,,,330,1.0,63.0,0.0,,3,4,0.0,450.0,0,1,4,0,140,1,3,1,0
200500070119,5,10,30,635,3,1,1,1,5,90.0,AUTOROUTE,,,,330,1.0,63.0,0.0,,3,4,4.0,500.0,0,1,1,100,140,1,0,1,0
200500070120,5,10,31,520,5,1,1,2,6,192.0,ROCADE,,,,330,1.0,630.0,0.0,,3,6,25.0,400.0,0,1,1,20,210,2,0,1,0
200500070781,5,11,5,1030,1,1,1,1,4,29.0,,M,44.624,-0.76,330,2.0,10.0,0.0,,2,2,75.0,0.0,0,0,1,0,70,1,0,1,0
200500070782,5,11,16,915,1,2,1,2,1,51.0,Avenue des Boiens,M,44.642,-0.979,330,9.0,0.0,0.0,,2,2,0.0,0.0,0,1,1,0,60,2,0,1,0
200500070783,5,11,18,730,2,2,1,1,1,519.0,Avenue de la dame blanch,M,0.0,0.0,330,4.0,0.0,0.0,,2,0,0.0,0.0,0,1,3,0,60,1,0,1,0
200500070784,5,11,23,1630,1,1,2,1,3,322.0,alzac - allï¿½e St Seurin,M,0.0,0.0,330,4.0,0.0,0.0,,2,2,0.0,0.0,0,1,1,0,51,1,0,1,0
200500070785,5,11,23,745,2,2,1,1,3,162.0,avenue de l'hippodrome,M,0.0,0.0,330,4.0,0.0,0.0,,2,0,0.0,0.0,2,0,1,0,0,1,0,5,0
200500070786,5,11,20,1145,1,2,1,1,3,933.0,t Saliens/Av. de l'Ocï¿½an,M,0.0,0.0,330,4.0,0.0,0.0,,2,0,0.0,0.0,2,1,1,0,80,1,0,1,0
200500070787,5,11,6,1645,1,2,1,1,3,200.0,Avenue Pasteur,M,0.0,0.0,330,3.0,6.0,0.0,,0,0,0.0,0.0,0,0,1,0,0,0,0,0,0
200500070788,5,11,4,1845,5,2,1,1,6,200.0,Avenue PASTEUR,M,0.0,0.0,330,3.0,6.0,0.0,,2,2,0.0,0.0,0,0,1,0,131,2,5,1,0
200500070789,5,11,24,800,3,1,1,1,7,100.0,lieu dit Cantinot,M,45.139,-0.594,330,2.0,137.0,0.0,R,2,2,20.0,500.0,0,1,1,0,76,1,0,3,0
200500070790,5,11,4,1445,1,1,1,2,1,182.0,,M,45.08,-0.629,330,3.0,669.0,0.0,,2,2,6.0,100.0,0,2,4,0,70,2,0,1,0
200500070791,5,11,28,930,1,1,1,5,6,389.0,,M,45.244,-0.57,330,2.0,137.0,0.0,,2,0,33.0,0.0,0,1,1,33,107,2,5,1,0
200500070792,5,11,6,1730,1,2,1,1,1,3.0,10 Ave chemin de la vie,M,44.947,-0.49,330,4.0,0.0,0.0,,2,2,0.0,0.0,0,1,1,0,60,1,0,1,0
200500070793,5,11,29,1845,3,1,1,1,3,434.0,PK 7+300,M,44.99,-0.52,330,3.0,113.0,0.0,,2,2,7.0,300.0,0,1,1,0,73,1,0,1,0
200500070794,5,11,7,1715,1,1,1,1,7,367.0,lieu dit Vieille Morte.,M,0.0,0.0,330,3.0,672.0,0.0,,2,2,47.0,400.0,0,1,1,76,0,1,0,1,0
200500070795,5,11,24,2100,3,1,1,1,6,253.0,,M,0.0,0.0,330,3.0,10.0,0.0,,2,2,110.0,120.0,0,1,2,0,73,1,0,1,0
200500070796,5,11,25,1300,1,2,1,2,3,438.0,CD 10,M,44.587,-0.264,330,3.0,10.0,0.0,,2,2,0.0,0.0,0,1,2,74,0,2,0,1,0
200500070797,5,11,25,430,3,2,1,3,1,554.0,AVENUE DES TABERNOTTES,M,0.0,0.0,330,3.0,115.0,0.0,,0,0,49.0,600.0,0,1,3,0,60,2,0,1,0
200500070798,5,11,5,1850,5,2,1,1,7,23.0,ue du Gï¿½nï¿½ral de Gaulle,M,0.0,0.0,330,3.0,214.0,0.0,,2,0,0.0,0.0,0,0,1,0,59,1,0,1,0
200500070799,5,11,19,15,3,1,1,1,1,165.0,,M,44.818,-0.447,330,3.0,115.0,0.0,,2,0,59.0,200.0,0,2,1,0,0,1,0,1,0
200500070800,5,11,22,930,1,1,1,1,3,140.0,,M,44.756,-0.365,330,3.0,20.0,0.0,,2,0,15.0,500.0,0,2,1,0,55,1,0,1,0
200500070801,5,11,25,1610,1,2,1,7,6,140.0,Boulevard V. HUGO,M,0.0,0.0,330,3.0,121.0,5.0,E,2,2,0.0,0.0,0,0,4,0,54,2,6,0,0
200500070802,5,11,27,2130,5,1,1,1,7,165.0,,M,0.0,0.0,330,3.0,936.0,0.0,,2,0,11.0,300.0,0,1,3,0,35,1,0,1,0
200500070803,5,11,27,1115,1,1,9,8,7,535.0,,M,0.0,0.0,330,3.0,936.0,0.0,,3,0,7.0,730.0,0,0,1,0,0,1,0,1,0
200500070804,5,11,12,715,3,1,1,1,6,452.0,,M,44.647,-0.425,330,4.0,9.0,0.0,,2,2,0.0,0.0,0,1,3,0,70,1,0,3,0
200500070805,5,11,22,1030,1,1,2,1,1,30.0,,M,0.0,0.0,330,4.0,4.0,0.0,,0,0,0.0,0.0,0,0,0,0,0,0,0,0,0
200500070806,5,11,5,645,2,1,2,1,3,305.0,,M,44.467,-0.302,330,3.0,3.0,0.0,,2,2,162.0,800.0,0,1,1,0,100,1,0,1,0
200500070807,5,11,26,1615,1,2,1,2,3,352.0,MARTOURET et avenue FOCH,M,0.0,0.0,330,2.0,113.0,0.0,,2,2,0.0,0.0,0,4,1,0,0,2,0,1,0
200500070808,5,11,8,930,1,1,1,1,1,482.0,,M,44.66,-0.1,330,3.0,672.0,0.0,,0,2,39.0,650.0,0,1,1,0,70,1,0,1,0
200500070809,5,11,27,1915,3,1,1,1,3,361.0,,M,44.79,-0.047,330,3.0,232.0,0.0,,2,0,0.0,0.0,0,1,1,0,0,1,0,1,0
200500070810,5,11,5,1345,1,1,1,1,1,297.0,Lieu dit les lamberts,M,45.032,-0.826,330,3.0,207.0,0.0,,2,2,1.0,862.0,0,1,1,0,60,2,0,1,0
200500070811,5,11,25,1355,1,1,1,2,6,297.0,Lieu dit Plantey Blanc,M,0.0,0.0,330,3.0,208.0,0.0,,2,2,0.0,0.0,0,0,4,0,58,2,0,3,0
200500070812,5,11,8,2200,3,1,1,1,6,12.0,,M,0.0,0.0,330,3.0,1.0,0.0,,3,2,9.0,980.0,0,1,1,60,63,1,0,1,0
200500070813,5,11,18,1930,3,1,1,1,7,424.0,,M,45.156,-0.806,330,3.0,101.0,0.0,,2,2,54.0,100.0,0,1,1,0,65,0,0,3,0
200500070814,5,11,25,1430,5,2,1,2,3,395.0,rue du Maquis des Vignes,M,45.269,-0.771,330,4.0,0.0,0.0,,2,0,0.0,0.0,0,0,1,56,0,2,0,1,0
200500070815,5,11,21,1815,5,1,1,1,3,209.0,LA BRIE,M,0.0,0.0,330,3.0,128.0,0.0,,2,2,36.0,835.0,0,1,3,0,0,1,0,1,0
200500070816,5,11,11,2230,5,1,1,5,6,480.0,,M,44.877,-0.18,330,3.0,19.0,0.0,,2,2,0.0,0.0,0,1,2,0,58,1,0,3,0
200500070817,5,11,8,1800,3,1,1,1,3,198.0,,M,45.043,-0.193,330,3.0,10.0,0.0,,2,0,20.0,500.0,0,1,1,0,52,1,5,1,0
200500070818,5,11,10,1430,1,1,1,1,3,369.0,,M,0.0,0.0,330,3.0,708.0,0.0,,2,0,0.0,0.0,0,0,1,0,70,1,0,1,0
200500070819,5,11,21,815,1,1,1,1,1,290.0,,M,0.0,0.0,330,3.0,121.0,0.0,,2,2,0.0,0.0,0,0,1,0,51,1,0,1,0
200500070820,5,11,28,1815,3,1,1,2,2,166.0,,M,0.0,0.0,330,3.0,21.0,0.0,,2,2,4.0,700.0,0,1,1,0,0,2,0,1,0
200500070821,5,11,7,1300,1,2,1,1,6,179.0,LIEU DIT LES GRANDS PRES,M,44.996,-0.272,330,3.0,18.0,0.0,,2,0,0.0,0.0,0,0,1,0,0,1,0,3,0
200500072033,5,11,4,1945,5,2,1,1,1,199.0,ALLEE DE BORDEAUX,M,44.627,-1.074,330,4.0,0.0,0.0,,0,2,0.0,0.0,0,1,1,0,0,1,0,1,0
200500072036,5,11,5,1000,1,2,1,1,6,65.0,"Bonneau, parking Auchan",M,44.821,-0.524,330,6.0,0.0,0.0,,1,2,0.0,0.0,0,1,1,0,70,1,0,1,0
200500072037,5,11,29,1800,3,1,9,1,1,65.0,,M,44.365,-0.084,330,4.0,113.0,1.0,E,2,3,0.0,0.0,3,0,1,0,89,1,0,1,0
200500072060,5,11,9,715,5,2,1,3,6,229.0,Avenue de la libï¿½ration.,M,0.0,0.0,330,3.0,3.0,0.0,,2,0,89.0,0.0,0,0,1,0,65,2,0,1,0
200500072061,5,11,4,1130,1,2,1,2,6,5.0,rue de l'esplanade du Be,M,44.748,-1.1,330,4.0,0.0,0.0,,2,0,0.0,0.0,0,0,1,0,62,2,0,1,0
200500072062,5,11,18,930,1,1,1,1,3,229.0,,M,0.0,0.0,330,3.0,106.0,0.0,,3,4,35.0,350.0,0,0,1,75,0,1,0,1,0
200500072157,5,11,11,1945,4,1,1,1,4,42.0,,M,44.428,-0.817,330,2.0,10.0,0.0,,3,2,98.0,606.0,3,1,1,100,100,2,0,1,0
200500072158,5,11,22,1045,1,1,1,1,2,122.0,A63,M,44.713,-0.75,330,1.0,63.0,0.0,,3,2,13.0,460.0,0,1,1,27,70,1,0,1,0
200500072176,5,11,9,745,3,1,1,2,5,122.0,,M,0.0,0.0,330,3.0,211.0,0.0,,2,2,40.0,0.0,0,1,1,0,0,2,0,1,0
200500072178,5,11,9,215,3,1,1,1,3,553.0,,M,,,330,1.0,10.0,0.0,A,3,0,524.0,400.0,0,1,1,20,100,1,0,1,0
200500073394,5,11,1,1910,5,2,1,1,6,9.0,"25, LECLERC (BD DU MAL)",,,,330,4.0,0.0,0.0,,2,3,,,0,1,1,0,90,1,0,1,0
200500073395,5,11,5,1643,1,2,1,1,1,529.0,PORT (RUE DU),,,,330,4.0,0.0,0.0,,2,2,,,0,1,1,0,74,1,0,1,99
200500073396,5,11,3,1820,5,2,1,2,1,529.0,"., HUGO (RUE VICTOR)",,,,330,4.0,0.0,0.0,,3,2,,,0,1,1,0,38,2,0,1,99
200500073397,5,11,9,1322,1,2,2,2,3,9.0,DE GAULLE (AVE GAL),,,,330,4.0,0.0,0.0,,2,2,,,0,1,1,0,80,2,5,1,99
200500073398,5,11,1,335,5,2,1,2,2,63.0,BD JOLIOT-CURIE,,,,330,4.0,0.0,0.0,,3,4,,,2,1,1,0,0,1,0,1,0
200500073399,5,11,2,1730,1,2,3,1,3,63.0,CRS ARISTIDE BRIAND,,,,330,4.0,0.0,0.0,,2,3,,,2,1,1,0,107,1,0,1,0
200500073400,5,11,2,1800,5,2,1,1,3,63.0,AVE DES TROIS CARDINAUX,,,,330,4.0,0.0,0.0,,2,2,,,2,1,1,0,129,1,0,1,0
200500073401,5,11,3,750,1,2,1,2,3,63.0,"116, QUAI DE LA SOUYS",,,,330,4.0,0.0,0.0,,3,4,,,2,1,1,0,0,1,0,1,0
200500073402,5,11,3,1130,1,2,2,1,6,63.0,BD DU PRESIDENT WILSON,,,,330,4.0,0.0,0.0,,3,5,,,2,1,1,0,0,1,0,1,0
200500073403,5,11,3,1800,5,2,2,3,5,63.0,RUE PAUL CAMELLE,,,,330,4.0,0.0,0.0,,2,2,,,0,1,1,0,80,1,0,1,0
200500073404,5,11,4,245,5,2,1,2,6,63.0,"57, CRS DE LA MARNE",,,,330,4.0,0.0,0.0,,2,3,,,3,1,1,0,85,2,0,1,0
200500073405,5,11,3,1911,5,2,2,2,6,63.0,BD DU PDT FRANKLIN ROOSE,,,,330,4.0,0.0,0.0,,3,5,,,2,1,1,0,0,2,0,1,0
200500073406,5,11,5,15,5,2,2,1,3,63.0,RUE MARECHAL JOFFRE,,,,330,4.0,0.0,0.0,,1,1,,,0,1,1,0,62,1,0,1,0
200500073407,5,11,3,2005,5,2,3,2,3,63.0,RUE LUCIEN FAURE,,,,330,4.0,0.0,0.0,,3,4,,,0,1,1,10,90,1,4,1,0
200500073408,5,11,4,640,5,2,1,2,6,63.0,"9, CRS MARECHAL JUIN",,,,330,4.0,0.0,0.0,,3,2,,,0,1,1,0,64,2,4,1,0
200500073409,5,11,5,100,5,2,1,2,6,63.0,PCE DE LA COMEDIE,,,,330,4.0,0.0,0.0,,1,1,,,3,1,1,0,19,2,6,1,0
200500073410,5,11,2,2312,5,2,2,1,3,119.0,RUE DU MARECHAL FOCH,,,,330,4.0,0.0,0.0,,2,2,,,0,1,1,0,0,1,0,1,0
200500073411,5,11,6,1920,5,2,1,1,6,63.0,"47 et 50, RUE ACHARD",,,,330,4.0,0.0,0.0,,2,2,,,0,1,1,0,0,1,0,1,0
200500073412,5,11,7,1620,1,2,5,1,3,63.0,BD DU PDT FRANKLIN ROOSE,,,,330,4.0,0.0,0.0,,3,2,,,2,1,1,0,0,1,0,1,0
200500073413,5,11,3,1210,1,2,3,1,1,167.0,RUE EMILE COMBES,,,,330,4.0,0.0,0.0,,1,2,,,0,1,1,0,59,1,0,1,0
200500073414,5,11,8,900,1,2,2,1,3,63.0,RUE PIERRE TREBOD,,,,330,4.0,0.0,0.0,,2,2,,,0,1,1,0,0,1,0,1,0
200500073415,5,11,8,1115,1,2,3,1,6,63.0,RUE EMILE COMBES,,,,330,4.0,0.0,0.0,,2,2,,,0,1,1,0,70,1,0,1,0
200500073416,5,11,8,1815,5,2,3,1,5,63.0,CRS VICTOR HUGO,,,,330,4.0,0.0,0.0,,2,4,,,0,1,1,0,0,1,0,1,0
200500073417,5,11,4,700,2,2,3,2,5,69.0,AVE DE LA LIBERATION-CH.,,,,330,4.0,0.0,0.0,,2,2,,,0,1,1,0,72,2,0,1,0
200500073418,5,11,7,804,1,2,3,1,2,318.0,RUE ALBERT LAURENSON,,,,330,4.0,0.0,0.0,,2,2,,,0,1,1,0,60,1,0,1,0
200500073419,5,11,6,2025,5,2,2,1,3,69.0,RUE DES ECUS,,,,330,4.0,0.0,0.0,,2,3,,,0,2,1,0,90,1,0,1,0
200500073420,5,11,9,840,1,2,3,1,3,63.0,RUE DE BEIRA,,,,330,4.0,0.0,0.0,,2,2,,,0,1,1,0,69,2,0,1,0
200500073421,5,11,9,845,1,2,2,1,2,63.0,QUAI SAINTE- CROIX,,,,330,4.0,0.0,0.0,,3,5,,,0,1,1,0,120,2,0,1,0
200500073422,5,11,8,918,1,2,1,1,2,318.0,AVE GUSTAVE EIFFEL,,,,330,4.0,0.0,0.0,,2,2,,,0,1,1,0,90,1,0,1,0
200500073423,5,11,3,1345,1,2,3,1,3,550.0,RTE DE TOULOUSE,,,,330,4.0,0.0,0.0,,3,5,,,3,2,1,0,62,1,0,1,0
200500073424,5,11,8,1608,1,2,1,1,4,281.0,"211, AVE DE LA MARNE",,,,330,4.0,0.0,0.0,,2,2,,,0,1,2,0,100,1,0,1,0
200500073425,5,11,8,1730,1,2,1,1,6,119.0,"34, RUE DU DOCTEUR ROUX",,,,330,4.0,0.0,0.0,,2,2,,,0,1,1,0,77,1,0,1,3
200500073426,5,11,8,1735,2,2,2,1,3,318.0,AVE CARNOT,,,,330,3.0,0.0,0.0,,2,2,,,0,1,1,0,50,1,0,1,0