Num_Acc,an,mois,jour,hrmn,lum,agg,int,atm,col,com,adr,gps,lat,long,dep,catr,voie,v1,v2,circ,nbv,pr,pr1,vosp,prof,plan,lartpc,larrout,surf,infra,situ,env1
200500073427,5,11,10,1215,1,2,1,1,4,63.0,PONT DE PIERRE,,,,330,3.0,0.0,0.0,,3,2,,,0,1,1,0,0,1,0,1,0
200500073428,5,11,10,1845,5,2,3,1,6,63.0,CRS DE VERDUN,,,,330,4.0,0.0,0.0,,3,4,,,3,1,1,0,0,1,0,1,0
200500073429,5,11,10,1855,5,2,3,1,3,63.0,BD GODARD,,,,330,4.0,0.0,0.0,,3,4,,,2,1,1,0,56,1,0,1,0
200500073430,5,11,10,1950,5,2,2,1,3,63.0,RUE DE L'ARSENAL,,,,330,4.0,0.0,0.0,,2,2,,,0,1,1,0,0,1,0,1,0
200500073431,5,11,12,1,5,2,6,5,6,63.0,CRS JULES LADOUMEGUE,,,,330,4.0,0.0,0.0,,3,4,,,0,1,3,74,166,2,0,1,0
200500073432,5,11,12,1640,1,2,1,2,3,63.0,"250, CRS DE LA SOMME",,,,330,4.0,0.0,0.0,,2,2,,,0,1,1,0,105,2,0,1,0
200500073433,5,11,15,745,1,2,1,1,3,63.0,"24, QUAI DE LA SOUYS",,,,330,4.0,0.0,0.0,,3,4,,,2,1,1,22,160,1,0,1,0
200500073434,5,11,5,1640,1,2,1,1,1,192.0,"5, RUE LAMARTINE",,,,330,3.0,0.0,0.0,,2,2,,,0,1,1,0,60,1,0,1,0
200500073435,5,11,6,2000,5,2,1,1,3,63.0,"105, CRS DE LA SOMME",,,,330,4.0,0.0,0.0,,2,2,,,0,1,1,0,90,1,0,1,0
200500073436,5,11,7,1820,5,2,3,1,6,550.0,CHEM DE TERREFORT,,,,330,4.0,0.0,0.0,,2,2,,,2,2,1,0,106,1,0,1,0
200500073437,5,11,9,1220,1,2,2,1,3,39.0,RUE CHARLES GOUNOD,,,,330,3.0,0.0,0.0,,2,2,,,0,1,1,0,70,2,0,1,0
200500073438,5,11,13,1915,5,2,2,2,2,63.0,RUE CHARPENTIER CAUD,,,,330,4.0,0.0,0.0,,2,2,,,0,1,1,0,164,2,0,1,0
200500073439,5,11,14,1020,1,2,6,1,2,63.0,BD JEAN-JACQUES BOSC,,,,330,4.0,0.0,0.0,,3,4,,,0,1,2,0,0,1,0,1,0
200500073440,5,11,15,2030,5,2,1,1,3,63.0,"28, QUAI DES CHARTRONS",,,,330,4.0,0.0,0.0,,3,0,,,0,1,1,15,85,1,0,1,0
200500073441,5,11,15,1115,1,2,3,1,3,63.0,AVE GEORGES CLEMENCEAU C,,,,330,4.0,0.0,0.0,,2,2,,,0,2,1,0,0,1,0,1,0
200500073442,5,11,15,740,1,2,2,1,3,63.0,BD DU PRESIDENT WILSON,,,,330,4.0,0.0,0.0,,2,4,,,2,1,1,0,0,1,0,1,0
200500073443,5,11,15,1900,4,2,6,1,3,63.0,AVE MARCEL DASSAULT,,,,330,4.0,0.0,0.0,,2,2,,,0,1,1,0,0,1,0,1,0
200500073444,5,11,17,915,1,2,2,1,3,63.0,CRS DU MEDOC,,,,330,4.0,0.0,0.0,,2,2,,,1,1,1,0,0,1,0,1,0
200500073445,5,11,9,1515,1,2,6,1,3,39.0,AVE LUCIEN LEROUSSEAU,,,,330,3.0,0.0,0.0,,2,2,,,0,1,2,0,82,2,5,1,0
200500073446,5,11,3,1830,5,2,2,1,3,39.0,RTE DE TOULOUSE,,,,330,4.0,0.0,0.0,,2,2,,,0,1,1,0,104,1,0,1,0
200500073447,5,11,10,1250,1,2,1,1,3,281.0,"133, AVE DE L'YSER",,,,330,3.0,0.0,0.0,,2,2,,,2,1,1,0,50,1,0,1,0
200500073448,5,11,10,1455,1,2,2,1,6,281.0,"43, AVE DE LA MARNE",,,,330,4.0,0.0,0.0,,2,3,,,0,1,1,0,66,1,0,1,0
200500073449,5,11,11,1700,1,2,2,1,3,281.0,AVE MATOSINHOS,,,,330,4.0,0.0,0.0,,1,2,,,0,1,1,13,38,1,0,1,0
200500073450,5,11,12,20,5,2,2,5,3,69.0,AVE DE LA LIBERATION-CH.,,,,330,4.0,0.0,0.0,,2,3,,,0,1,1,0,90,1,0,1,0
200500073451,5,11,18,205,5,2,1,1,1,63.0,RUE DES ETRANGERS,,,,330,4.0,0.0,0.0,,2,2,,,0,1,2,0,57,1,0,1,0
200500073452,5,11,16,945,1,2,2,2,2,63.0,BD GEORGES POMPIDOU,,,,330,4.0,0.0,0.0,,3,5,,,2,1,1,0,0,1,0,1,0
200500073453,5,11,16,1240,1,2,1,1,3,119.0,"12, AVE JEAN JAURES",,,,330,4.0,0.0,0.0,,3,2,,,1,1,1,0,119,1,0,1,0
200500073454,5,11,17,2240,5,2,2,1,3,63.0,RUE BOUDET,,,,330,4.0,0.0,0.0,,1,1,,,0,1,1,0,58,1,0,1,0
200500073455,5,11,15,800,1,2,2,1,3,75.0,AVE CONRAD GAUSSENS,,,,330,4.0,0.0,0.0,,2,2,,,0,1,1,0,67,1,0,1,0
200500073456,5,11,10,1920,5,2,3,1,3,63.0,RUE VAUCHER,,,,330,4.0,0.0,0.0,,1,2,,,0,1,1,0,60,1,0,1,0
200500073457,5,11,16,1815,5,2,1,2,2,318.0,"9 bis, AVE DE MADRAN",,,,330,4.0,0.0,0.0,,2,2,,,2,1,1,0,64,2,0,1,0
200500073458,5,11,10,900,1,2,2,1,1,192.0,RUE DE CANTARANNE,,,,330,4.0,0.0,0.0,,2,2,,,0,1,1,0,90,1,0,1,0
200500073459,5,11,14,1201,1,2,6,1,3,522.0,AVE ROUL,,,,330,4.0,0.0,0.0,,2,2,,,0,1,1,0,90,1,0,1,0
200500073460,5,11,14,1550,1,2,2,1,3,522.0,RUE DENIS PAPIN,,,,330,4.0,0.0,0.0,,1,2,,,0,1,1,0,49,1,0,1,0
200500073461,5,11,14,1840,5,2,1,1,3,550.0,"410, RTE DE TOULOUSE",,,,330,4.0,0.0,0.0,,2,2,,,0,1,1,0,103,1,0,1,0
200500073462,5,11,15,2150,5,2,3,1,3,522.0,RUE FERNAND IZER,,,,330,4.0,0.0,0.0,,2,2,,,0,1,1,0,60,1,0,1,0
200500073463,5,11,18,1205,1,2,1,1,3,63.0,"83, BD PIERRE 1ER",,,,330,3.0,0.0,0.0,,1,2,,,0,1,1,0,72,1,0,1,0
200500073464,5,11,19,30,5,2,2,1,2,63.0,RUE BOUDET,,,,330,4.0,0.0,0.0,,1,1,,,0,1,1,0,55,1,0,1,0
200500073465,5,11,20,311,5,2,1,1,6,63.0,"148, CRS DU MEDOC",,,,330,4.0,0.0,0.0,,2,2,,,2,1,1,0,0,1,0,1,0
200500073466,5,11,21,1510,1,2,1,1,6,63.0,RUE CHARLES DOMERCQ,,,,330,4.0,0.0,0.0,,3,5,,,3,1,1,0,244,1,0,1,0
200500073467,5,11,19,1415,1,2,3,1,6,318.0,AVE PASTEUR,,,,330,4.0,0.0,0.0,,2,2,,,0,1,2,0,80,1,0,1,0
200500073468,5,11,16,1850,1,2,2,1,6,167.0,AVE HUBERT DUBEDOUT,,,,330,4.0,0.0,0.0,,2,2,,,0,1,1,0,66,1,0,1,0
200500073469,5,11,16,1210,1,2,3,2,6,119.0,"24 bis, AVE RENE CASSAGN",,,,330,4.0,0.0,0.0,,3,2,,,2,1,1,20,90,2,0,1,3
200500073470,5,11,9,2005,1,2,1,1,1,119.0,AVE CARNOT,,,,330,4.0,0.0,0.0,,3,5,,,0,2,3,0,210,1,0,1,0
200500073471,5,11,13,2220,5,2,1,2,6,167.0,ROC ROCADE RIVE DROITE,,,,330,4.0,0.0,0.0,,1,1,,,0,1,3,0,60,2,3,1,0
200500073472,5,11,14,900,1,2,6,1,3,167.0,VOIE PENETRANTE EST,,,,330,4.0,0.0,0.0,,1,1,,,0,1,3,0,0,1,0,1,0
200500073473,5,11,22,1845,5,2,1,1,6,63.0,"226, RUE DE PESSAC",,,,330,4.0,0.0,0.0,,2,2,,,0,1,1,0,0,1,0,1,0
200500073474,5,11,22,2225,4,2,1,1,3,63.0,BD ANDRE RICARD,,,,330,4.0,0.0,0.0,,3,2,,,2,1,1,0,64,1,0,1,0
200500073475,5,11,18,1650,2,2,2,1,3,69.0,AVE DE LA LIBERATION-CH.,,,,330,4.0,0.0,0.0,,2,3,,,0,1,1,0,98,1,0,1,0
200500073476,5,11,22,1250,1,2,1,1,6,318.0,"11, ALL DES TULIPES",,,,330,4.0,0.0,0.0,,2,2,,,0,1,1,0,72,1,0,1,3
200500073477,5,11,22,1840,5,2,4,1,6,63.0,"12, PCE DE LA VICTOIRE",,,,330,4.0,0.0,0.0,,2,2,,,0,1,2,0,90,1,0,1,0
200500073478,5,11,23,1805,5,2,2,1,3,63.0,RUE JULES DELPIT,,,,330,4.0,0.0,0.0,,2,1,,,0,1,1,0,32,1,0,1,0
200500073479,5,11,24,2320,5,2,2,2,2,63.0,RUE KLEBER,,,,330,4.0,0.0,0.0,,1,1,,,0,1,1,0,30,2,0,1,0
200500073480,5,11,21,1803,5,2,2,1,3,119.0,"44, RUE JULES GUESDE",,,,330,4.0,0.0,0.0,,2,2,,,0,1,1,0,60,1,5,1,0
200500073481,5,11,16,1820,5,2,3,8,5,39.0,RTE DE TOULOUSE,,,,330,2.0,0.0,0.0,,2,2,,,0,1,1,0,114,2,0,1,3
200500073482,5,11,19,1615,1,2,2,1,3,550.0,CHEM DE PAUGE,,,,330,4.0,0.0,0.0,,3,3,,,1,1,1,0,0,1,0,5,0
200500073483,5,11,20,2040,5,2,1,1,1,39.0,", AVE ROGER SALENGRO",,,,330,4.0,0.0,0.0,,2,2,,,0,1,1,0,62,1,0,1,0
200500073484,5,11,22,1610,1,2,2,1,3,318.0,"37, AVE DU VALLON",,,,330,4.0,0.0,0.0,,2,2,,,0,1,1,0,56,1,0,1,0
200500073485,5,11,25,2250,5,2,2,1,3,63.0,RUE DE LA BENAUGE,,,,330,4.0,0.0,0.0,,2,2,,,0,1,1,0,108,2,0,1,0
200500073486,5,11,25,1230,1,2,2,2,3,63.0,RUE LAJARTE,,,,330,4.0,0.0,0.0,,1,1,,,0,1,1,0,0,2,0,1,0
200500073487,5,11,25,1420,1,2,2,1,3,63.0,BD MARECHAL LECLERC,,,,330,4.0,0.0,0.0,,3,5,,,2,1,1,0,0,2,0,1,0
200500073488,5,11,25,1520,1,2,1,2,6,63.0,"1, CRS DE VERDUN",,,,330,4.0,0.0,0.0,,2,4,,,0,1,1,0,0,2,0,1,0
200500073489,5,11,22,1335,1,2,1,1,2,550.0,"92, AVE DU MARECHAL LECL",,,,330,4.0,0.0,0.0,,2,2,,,2,1,1,0,67,1,0,1,3
200500073490,5,11,24,1245,1,2,1,1,6,249.0,RUE JEAN RAYMOND GUYON,,,,330,4.0,0.0,0.0,,2,2,,,0,1,1,0,600,9,0,1,0
200500073491,5,11,28,900,1,2,1,1,3,63.0,RUE CLAUDE BONNIER,,,,330,4.0,0.0,0.0,,1,2,,,0,1,1,0,0,1,0,1,0
200500073492,5,11,28,1800,5,2,3,2,3,63.0,BD GEORGES POMPIDOU,,,,330,4.0,0.0,0.0,,3,4,,,2,1,1,20,157,2,0,1,0
200500073493,5,11,19,1100,1,2,1,1,1,281.0,RUE ISAAC NEWTON,,,,330,4.0,0.0,0.0,,2,2,,,0,1,1,0,80,1,0,1,0
200500073494,5,11,22,1838,5,2,1,1,6,318.0,"97, AVE DU BOURGAILH",,,,330,4.0,0.0,0.0,,2,2,,,2,1,1,0,130,1,0,1,0
200500073495,5,11,23,1847,5,2,3,1,6,281.0,RUE CAMILLE SAINT-SAENS,,,,330,4.0,0.0,0.0,,1,1,,,0,1,1,0,50,1,0,1,0
200500073496,5,11,24,1150,1,2,1,1,6,249.0,RUE HENRI DE SOURDIS,,,,330,4.0,0.0,0.0,,2,1,,,0,2,2,0,57,1,0,1,0
200500073497,5,11,29,800,2,2,2,2,6,63.0,BD DU PRESIDENT WILSON,,,,330,4.0,0.0,0.0,,3,5,,,0,1,1,185,165,2,0,1,0
200500073498,5,11,29,1920,5,2,1,1,6,63.0,"35, RUE CHARLES DOMERCQ",,,,330,4.0,0.0,0.0,,3,3,,,1,1,1,0,108,1,0,1,0
200500073499,5,11,23,820,1,2,1,1,2,522.0,"311, CRS DE LA LIBERATIO",,,,330,4.0,0.0,0.0,,1,1,,,0,1,1,0,35,1,0,1,0
200500073500,5,11,24,1930,5,2,3,2,3,69.0,RUE MOLIERE,,,,330,4.0,0.0,0.0,,2,2,,,0,1,1,0,57,2,0,1,0
200500073501,5,11,25,1626,1,2,3,8,3,281.0,RUE PAUL DOUMER,,,,330,4.0,0.0,0.0,,2,2,,,0,1,1,0,0,2,0,1,0
200500073502,5,11,25,1850,5,2,3,2,3,281.0,AVE DE L'ARGONNE,,,,330,4.0,0.0,0.0,,2,3,,,0,1,1,0,90,2,0,1,0
200500073503,5,11,27,1405,1,2,2,1,3,119.0,RUE DU MARECHAL FOCH,,,,330,4.0,0.0,0.0,,2,2,,,0,2,1,0,59,1,0,1,0
200500073504,5,11,25,700,2,2,1,2,3,63.0,BD MARECHAL LECLERC,,,,330,4.0,0.0,0.0,,3,6,,,2,1,1,15,161,2,0,1,0
200500073505,5,11,28,1325,1,2,2,2,3,281.0,RUE CAMILLE FLAMMARION,,,,330,4.0,0.0,0.0,,2,3,,,0,1,1,0,19,2,0,1,0
200500073506,5,11,29,615,4,2,1,1,1,281.0,"333, AVE DE VERDUN",,,,330,4.0,0.0,0.0,,2,3,,,0,1,1,0,940,2,0,1,0
200500073507,5,11,30,2010,5,2,2,2,3,63.0,CRS DE L'ARGONNE,,,,330,4.0,0.0,0.0,,3,0,,,3,1,1,0,0,2,4,1,0
200500073508,5,11,30,615,5,2,2,1,1,249.0,AVE CAMILLE JULLIAN,,,,330,4.0,0.0,0.0,,2,2,,,0,1,0,0,68,1,0,1,0
200500073509,5,11,29,849,1,2,3,1,3,281.0,RUE DU JARD,,,,330,4.0,0.0,0.0,,2,2,,,2,1,1,0,110,1,0,1,0
200500073510,5,11,30,810,1,2,3,2,3,281.0,AVE DE L'ARGONNE,,,,330,4.0,0.0,0.0,,2,2,,,0,1,1,0,70,2,0,1,0
200500073511,5,11,30,1210,1,2,2,2,2,522.0,CRS DE LA LIBERATION,,,,330,4.0,0.0,0.0,,2,4,,,0,1,1,0,109,2,0,1,0
200500073512,5,11,30,1700,5,2,1,2,3,318.0,"21, AVE DU MARECHAL JUIN",,,,330,4.0,0.0,0.0,,2,2,,,3,2,1,0,58,2,4,1,0
200500073513,5,11,30,1815,5,1,1,2,2,32.0,QUAI DE VIAL,,,,330,4.0,0.0,0.0,,3,4,,,0,1,1,41,20,2,4,1,0
200500073514,5,11,29,1015,1,2,3,1,3,318.0,AVE DE BEUTRE,,,,330,4.0,0.0,0.0,,2,2,,,2,1,1,0,100,1,0,1,0
200500073515,5,11,29,1130,1,2,2,1,6,39.0,RUE LEON GAMBETTA,,,,330,4.0,0.0,0.0,,2,2,,,0,1,1,0,64,1,0,1,0
200500077331,5,11,1,1845,1,1,1,1,6,281.0,ROCADE,,,,330,1.0,630.0,0.0,,3,4,19.0,100.0,0,1,1,100,140,1,0,1,0
200500077332,5,11,4,720,2,1,1,2,4,249.0,ROUTE NATIONALE,,,,330,2.0,230.0,0.0,,3,6,43.0,500.0,0,1,1,10,210,2,0,1,0
200500077333,5,11,4,1838,5,1,1,2,6,63.0,ROCADE,,,,330,1.0,630.0,0.0,,1,2,5.0,0.0,0,1,2,0,95,2,3,1,99
200500077334,5,11,5,2054,5,1,1,1,6,63.0,ROCADE,,,,330,1.0,630.0,0.0,,1,3,4.0,800.0,0,1,3,0,105,1,3,1,99
200500077335,5,11,7,750,2,1,1,1,2,397.0,AUTOROUTE,,,,330,1.0,10.0,0.0,,3,6,539.0,400.0,0,1,1,10,270,1,0,1,99
200500077336,5,11,7,940,1,1,1,1,7,550.0,ROCADE,,,,330,1.0,630.0,0.0,,3,6,29.0,700.0,0,1,1,25,270,1,0,1,99
200500077337,5,11,9,800,1,1,1,2,3,162.0,ROCADE,,,,330,1.0,630.0,0.0,,3,4,11.0,0.0,0,0,1,90,280,2,0,1,0
200500077338,5,11,9,915,1,1,1,8,3,39.0,ROUTE NATIONALE,,,,330,2.0,230.0,0.0,,3,6,34.0,300.0,0,1,1,10,270,2,2,1,99
200500077339,5,11,9,2000,5,1,9,1,2,90.0,AUTOROUTE,,,,330,1.0,63.0,0.0,,3,4,5.0,100.0,0,0,0,120,140,1,3,1,0
200500077340,5,11,12,530,5,1,1,1,2,192.0,ROCADE,,,,330,1.0,630.0,0.0,,3,6,26.0,200.0,0,1,1,10,270,1,0,1,99
200500077341,5,11,13,2212,5,1,1,2,6,249.0,ROUTE NATIONALE,,,,330,2.0,230.0,0.0,,1,2,43.0,850.0,0,1,3,0,95,2,3,1,99
200500077342,5,11,14,1900,5,1,1,1,5,65.0,ROUTE NATIONALE,,,,330,2.0,230.0,0.0,,3,6,38.0,100.0,0,2,3,10,270,1,0,1,99
200500077343,5,11,15,1330,1,1,1,1,6,39.0,ROCADE,,,,330,1.0,630.0,0.0,,3,10,33.0,750.0,0,1,1,10,420,1,3,1,99
200500077344,5,11,16,1335,1,1,1,2,6,318.0,ROCADE,,,,330,1.0,630.0,0.0,,1,2,24.0,500.0,0,2,2,0,70,2,3,1,99
200500077345,5,11,16,1610,1,1,1,1,3,550.0,ROCADE,,,,330,1.0,630.0,0.0,,3,6,32.0,600.0,0,1,1,10,270,1,0,1,99
200500077346,5,11,16,1705,1,1,1,2,6,318.0,AUTOROUTE,,,,330,1.0,63.0,0.0,,1,2,0.0,200.0,0,2,2,0,70,2,3,1,99
200500077347,5,11,17,725,2,1,1,1,4,167.0,ROUTE NATIONALE,,,,330,2.0,230.0,0.0,,3,6,39.0,0.0,0,1,1,10,270,1,0,1,99
200500077348,5,11,18,945,1,1,1,1,4,318.0,ROCADE,,,,330,1.0,630.0,0.0,,3,4,21.0,50.0,0,1,1,50,250,1,0,1,99
200500077349,5,11,21,855,1,1,1,1,3,281.0,ROCADE,,,,330,1.0,630.0,0.0,,3,4,15.0,968.0,0,1,1,20,210,1,0,1,99
200500077350,5,11,22,925,1,1,1,1,4,249.0,ROCADE,,,,330,1.0,630.0,0.0,,3,4,3.0,0.0,0,2,1,10,210,1,2,1,99
200500077351,5,11,22,1555,1,1,1,1,5,63.0,ROCADE,,,,330,1.0,630.0,0.0,,3,4,4.0,200.0,0,2,1,10,210,1,2,1,99
200500077352,5,11,23,1610,1,1,1,1,3,63.0,ROCADE,,,,330,1.0,630.0,0.0,,3,8,4.0,0.0,0,1,1,10,280,1,3,1,0
200500077353,5,11,26,920,1,1,1,1,6,366.0,AUTOROUTE,,,,330,1.0,10.0,0.0,,1,2,526.0,790.0,0,3,2,0,70,1,2,1,0
200500077354,5,11,26,200,5,1,1,2,6,249.0,ROCADE,,,,330,1.0,630.0,0.0,,3,6,0.0,500.0,0,1,1,0,210,2,0,1,0
200500077355,5,11,27,650,2,1,1,9,6,550.0,ROCADE,,,,330,1.0,630.0,0.0,,3,6,31.0,500.0,0,1,1,10,270,1,0,1,99
200500077356,5,11,28,848,1,1,1,2,2,550.0,AUTOROUTE,,,,330,1.0,62.0,0.0,,3,4,0.0,300.0,0,1,1,10,190,2,0,1,99
200500077357,5,11,28,935,1,1,1,2,2,96.0,AUTOROUTE,,,,330,1.0,10.0,0.0,,3,6,541.0,400.0,0,1,1,10,260,2,0,1,99
200500077358,5,11,28,1355,1,1,1,2,3,39.0,ROCADE,,,,330,1.0,631.0,0.0,,1,2,34.0,200.0,0,1,3,0,95,2,3,1,99
200500077359,5,11,30,803,2,1,1,1,2,318.0,ROCADE,,,,330,1.0,630.0,0.0,,3,4,23.0,835.0,0,1,1,90,140,1,0,1,0
200500077360,5,11,30,1225,1,1,1,2,6,318.0,ROCADE,,,,330,1.0,630.0,0.0,,1,1,19.0,500.0,0,1,2,0,35,2,3,1,0
200500078150,5,12,10,1235,1,2,1,1,6,236.0,cean et avenue du bassin,M,0.0,0.0,330,4.0,0.0,0.0,,2,1,0.0,0.0,0,1,1,80,0,1,0,1,0
200500078151,5,12,22,1730,1,2,1,1,1,236.0,Lieu dit le CANON,M,0.0,0.0,330,3.0,106.0,0.0,,2,2,0.0,0.0,0,0,1,0,80,1,0,4,0
200500078152,5,12,20,1830,5,1,1,1,3,161.0,,M,45.186,-0.606,330,3.0,937.0,0.0,,2,0,0.0,0.0,0,1,1,0,70,1,0,1,0
200500078153,5,12,23,1630,1,1,1,5,1,433.0,route des Valentons,M,0.0,0.0,330,3.0,115.0,0.0,,2,2,40.0,0.0,0,0,4,0,70,1,0,1,0
200500078154,5,12,28,415,3,2,1,1,6,397.0,CD 911 Avenue Aquitaine,M,0.0,0.0,330,3.0,911.0,0.0,,2,2,0.0,0.0,0,1,1,0,86,2,0,3,0
200500078155,5,12,10,2315,3,1,1,1,6,363.0,,M,0.0,0.0,330,3.0,671.0,0.0,,2,2,6.0,750.0,0,1,1,0,60,1,0,1,0
200500078156,5,12,16,700,2,2,1,1,6,165.0,avenue de l'entre deux m,M,44.828,-0.444,330,3.0,936.0,0.0,,2,0,8.0,500.0,2,0,1,0,50,1,6,5,0
200500078157,5,12,16,700,3,1,1,1,6,80.0,route de Leognan,M,0.0,0.0,330,3.0,111.0,0.0,,2,2,0.0,0.0,0,1,1,0,50,1,0,3,0
200500078158,5,12,25,1100,1,1,1,9,1,205.0,,M,44.626,-0.391,330,3.0,117.0,0.0,,2,2,0.0,0.0,0,1,0,0,0,7,2,1,0
200500078159,5,12,10,445,3,1,1,1,7,143.0,,M,44.96,-0.45,330,2.0,10.0,0.0,,2,2,26.0,0.0,0,1,1,0,30,1,2,1,0
200500078160,5,12,9,1430,3,1,1,8,6,36.0,,M,44.477,-0.161,330,3.0,12.0,0.0,,2,2,18.0,300.0,0,1,2,0,54,2,0,3,0
200500078161,5,12,11,1245,1,1,1,5,6,2.0,,M,44.494,-0.065,330,3.0,9.0,0.0,,0,0,25.0,900.0,0,1,3,0,60,1,0,3,0
200500078162,5,12,16,1015,1,1,2,1,3,72.0,,M,44.53,-0.161,330,3.0,116.0,0.0,,2,1,0.0,0.0,0,1,0,0,48,1,0,1,0
200500078163,5,12,22,1015,2,1,1,5,6,36.0,,M,44.43,-0.216,330,3.0,932.0,0.0,,0,2,9.0,50.0,0,0,1,0,77,1,0,3,0
200500078164,5,12,17,1645,1,1,1,1,7,275.0,,M,44.713,-0.168,330,3.0,119.0,0.0,,2,2,0.0,0.0,0,1,1,45,0,1,0,3,0
200500078165,5,12,25,1315,1,1,1,9,7,57.0,,M,44.756,-0.075,330,3.0,17.0,0.0,,2,2,45.0,700.0,0,0,2,0,60,7,0,1,0
200500078166,5,12,10,1000,1,1,1,1,1,22.0,,M,45.013,-0.773,330,2.0,1215.0,0.0,,2,2,0.0,0.0,0,1,1,0,63,1,0,1,0
200500078167,5,12,13,1815,3,1,1,1,4,494.0,"Lieu dit ""Godebarge""",M,0.0,0.0,330,2.0,215.0,0.0,,2,0,16.0,300.0,0,1,1,0,63,1,0,1,0
200500078168,5,12,25,800,5,2,1,5,2,417.0,rte de l ocï¿½an,M,0.0,0.0,330,3.0,6.0,6.0,,2,2,0.0,0.0,0,1,1,61,0,1,0,1,0
200500078169,5,12,26,1450,1,1,1,1,3,104.0,de de CASTELNAU DE MEDOC,M,0.0,0.0,330,2.0,1215.0,0.0,,2,2,0.0,0.0,0,1,1,0,71,1,0,3,0
200500078170,5,12,27,1530,1,2,1,5,3,517.0,rue rte de marsac,M,45.06,-0.699,330,4.0,1.0,0.0,,2,2,0.0,0.0,0,1,1,0,57,1,0,1,0
200500078171,5,12,6,1100,1,1,1,8,1,125.0,,M,45.236,-0.882,330,2.0,215.0,0.0,,0,2,0.0,0.0,0,0,1,0,74,2,0,1,0
200500078172,5,12,20,1715,2,2,1,1,1,314.0,rue jeanne d'arc,M,0.0,0.0,330,4.0,0.0,0.0,,2,2,0.0,0.0,0,1,1,0,0,1,0,1,0
200500078173,5,12,15,1200,1,1,2,1,3,490.0,,M,45.437,-1.047,330,2.0,215.0,0.0,,2,2,78.0,58.0,0,1,1,12,125,1,5,1,0
200500078174,5,12,22,1215,1,1,1,1,7,490.0,,M,0.0,0.0,330,2.0,215.0,0.0,,2,0,79.0,500.0,0,1,1,0,60,1,0,3,0
200500078175,5,12,30,810,2,1,1,8,6,15.0,PK 29 + 350,M,0.0,0.0,330,2.0,2089.0,0.0,,2,3,29.0,350.0,0,1,1,0,106,1,0,3,0
200500078176,5,12,2,1825,5,2,1,2,1,466.0,16 lieu dit gassio,M,0.0,0.0,330,3.0,121.0,0.0,,2,0,45.0,400.0,0,1,1,0,52,2,0,1,0
200500078177,5,12,9,1245,1,1,1,1,6,78.0,lieu dit  La Borie,M,44.834,-0.164,330,3.0,18.0,0.0,,2,2,68.0,700.0,0,0,2,0,55,1,0,0,0
200500078178,5,12,13,1845,3,1,1,1,2,108.0,,M,44.876,-0.151,330,3.0,670.0,5.0,E,2,2,1.0,920.0,0,1,1,0,76,1,0,1,0
200500078179,5,12,12,1645,1,1,2,1,3,393.0,,M,44.995,-0.199,330,3.0,674.0,0.0,,2,2,22.0,800.0,0,1,1,0,70,1,5,1,0
200500078180,5,12,21,2015,5,2,1,1,3,138.0,erre semard et rue baste,M,0.0,0.0,330,3.0,17.0,0.0,,2,2,0.0,0.0,0,2,0,0,65,1,5,1,0
200500078181,5,12,12,1330,1,1,1,1,1,94.0,,M,44.778,0.165,330,3.0,234.0,0.0,,2,2,3.0,500.0,0,1,1,0,47,1,0,1,0
200500078182,5,12,17,900,3,1,1,2,3,302.0,,M,0.0,0.0,330,3.0,89.0,0.0,,2,2,21.0,450.0,0,1,1,0,71,2,0,1,0