Num_Acc,an,mois,jour,hrmn,lum,agg,int,atm,col,com,adr,gps,lat,long,dep,catr,voie,v1,v2,circ,nbv,pr,pr1,vosp,prof,plan,lartpc,larrout,surf,infra,situ,env1
200500079401,5,12,24,1800,3,1,1,1,5,214.0,,M,44.997,-1.173,330,4.0,0.0,0.0,,2,0,0.0,0.0,0,1,1,0,73,1,0,1,0
200500079409,5,12,15,1745,5,2,6,1,1,199.0,Rond point av. Cï¿½sarï¿½e,M,44.627,-1.072,330,9.0,0.0,0.0,,2,2,0.0,0.0,1,0,1,0,0,1,6,5,0
200500079410,5,12,8,2030,5,1,1,8,6,349.0,,M,44.747,-0.484,330,3.0,10.0,0.0,,2,0,0.0,0.0,0,1,1,0,68,2,0,3,0
200500079411,5,12,14,2015,5,1,1,1,3,65.0,CD113,M,44.795,-0.507,330,3.0,113.0,0.0,,2,0,0.0,0.0,0,1,1,0,0,1,0,1,0
200500079412,5,12,25,2100,3,1,1,1,7,234.0,,M,0.0,0.0,330,3.0,240.0,2.0,C,2,2,0.0,0.0,0,0,2,0,62,1,0,1,0
200500079431,5,12,9,2200,3,1,1,1,1,229.0,,M,44.767,-0.921,330,3.0,5.0,0.0,,2,0,46.0,300.0,0,1,1,0,75,1,0,1,0
200500079432,5,12,31,1415,1,1,1,8,2,229.0,,M,44.704,-1.024,330,3.0,3.0,0.0,,2,2,90.0,368.0,0,1,2,0,64,2,0,1,0
200500079551,5,12,4,615,3,1,1,2,1,122.0,,M,0.0,0.0,330,2.0,250.0,0.0,,2,2,23.0,0.0,0,1,1,0,70,2,0,1,0
200500079552,5,12,10,1645,1,1,1,7,7,122.0,,M,0.0,0.0,330,4.0,0.0,0.0,,2,2,0.0,0.0,0,0,1,0,45,1,0,1,0
200500079553,5,12,31,520,3,1,1,2,6,122.0,"oute Nationale 10, PK 62",M,0.0,0.0,330,2.0,10.0,0.0,,2,2,62.0,0.0,0,1,1,0,66,2,0,3,0
200500079559,5,12,19,1100,1,1,1,1,3,382.0,utoroute A-10 PK 510+900,M,0.0,0.0,330,1.0,10.0,0.0,A,3,2,510.0,952.0,0,1,1,30,100,1,0,1,0
200500080840,5,12,20,1835,2,2,1,1,3,9.0,"6, COTE D'ARGENT (BD) DU",,,,330,4.0,0.0,0.0,,2,2,,,0,2,1,0,68,1,0,1,99
200500080841,5,12,4,2335,3,1,2,1,3,529.0,RN 250 (OUSTALET - BONNE,,,,330,4.0,0.0,0.0,,2,1,42.0,0.0,0,1,1,0,0,1,0,1,0
200500080842,5,12,11,1750,3,1,1,1,5,529.0,CAZAUX (BD DE),,,,330,3.0,0.0,0.0,,2,2,9.0,694.0,0,1,1,0,72,1,0,1,99
200500080843,5,12,1,1720,1,2,1,1,6,9.0,REPUBLIQUE (AVE DE LA),,,,330,4.0,0.0,0.0,,2,2,,,0,1,1,0,0,1,0,1,0
200500080844,5,12,1,1007,1,2,3,1,6,63.0,RUE RODE,,,,330,4.0,0.0,0.0,,1,1,,,0,1,1,0,26,1,0,1,0
200500080845,5,12,1,1145,1,2,3,1,6,63.0,"156, RUE DE L'ECOLE NORM",,,,330,4.0,0.0,0.0,,2,2,,,0,1,1,0,64,1,0,1,0
200500080846,5,12,3,1512,1,2,1,2,7,281.0,"32, AVE DE LA LIBERATION",,,,330,4.0,0.0,0.0,,2,2,,,0,1,1,0,90,2,0,1,0
200500080847,5,12,5,830,1,2,2,2,1,63.0,CRS VICTOR HUGO,,,,330,4.0,0.0,0.0,,3,2,,,3,1,1,0,118,2,0,1,0
200500080848,5,12,1,1750,5,2,3,1,2,550.0,"103, RTE DE LEOGNAN",,,,330,4.0,0.0,0.0,,2,2,,,2,2,1,0,98,1,0,1,0
200500080849,5,12,5,1215,1,2,1,2,2,249.0,"10, AVE DU PRESIDENT J.F",,,,330,4.0,0.0,0.0,,3,0,,,2,1,1,0,63,1,0,1,0
200500080850,5,12,6,725,5,2,2,3,3,63.0,ALL VIGNOLLES,,,,330,4.0,0.0,0.0,,2,2,,,0,1,1,0,60,2,0,1,0
200500080851,5,12,6,1016,1,2,3,2,1,63.0,AVE DE LA REPUBLIQUE CAU,,,,330,4.0,0.0,0.0,,1,3,,,0,1,1,0,800,2,0,1,0
200500080852,5,12,6,1700,2,2,3,8,3,63.0,RUE DE LA PELOUSE DE DOU,,,,330,4.0,0.0,0.0,,3,2,,,1,1,1,70,450,1,0,1,0
200500080853,5,12,6,2040,5,2,1,1,6,63.0,"227, BD GODARD",,,,330,4.0,0.0,0.0,,3,4,,,1,1,1,50,70,2,0,1,0
200500080854,5,12,7,845,1,2,1,2,5,63.0,PONT SAINT- JEAN,,,,330,4.0,0.0,0.0,,2,6,,,1,1,1,0,164,2,2,1,0
200500080855,5,12,7,1035,1,2,2,1,3,63.0,RUE DE LYON,,,,330,4.0,0.0,0.0,,1,1,,,0,1,1,0,59,2,0,1,0
200500080856,5,12,7,1815,5,2,1,1,3,63.0,"113, BD ALFRED DANEY",,,,330,4.0,0.0,0.0,,3,4,,,1,1,1,0,69,2,0,1,0
200500080857,5,12,2,1135,1,2,1,2,3,550.0,"11, CHEM DE PAUGE",,,,330,4.0,0.0,0.0,,2,2,,,0,1,2,0,78,2,0,1,0
200500080858,5,12,8,730,2,2,1,2,3,63.0,"79, AVE THIERS",,,,330,4.0,0.0,0.0,,3,4,,,1,1,1,0,0,2,4,5,0
200500080859,5,12,8,1050,1,2,1,8,6,63.0,"52, CRS DU MEDOC",,,,330,4.0,0.0,0.0,,2,2,,,1,1,0,0,0,2,0,1,0
200500080860,5,12,8,1345,1,2,1,1,6,63.0,"62, BD GEORGE V",,,,330,4.0,0.0,0.0,,2,6,,,2,1,1,0,150,2,0,1,0
200500080861,5,12,8,1700,2,2,3,1,6,63.0,"68, RUE DAVID JOHNSTON",,,,330,4.0,0.0,0.0,,1,1,,,2,1,1,0,60,2,0,1,0
200500080862,5,12,8,1750,5,2,2,1,3,63.0,ALL DE BOUTAUT,,,,330,4.0,0.0,0.0,,2,4,,,2,1,1,0,90,2,0,1,0
200500080863,5,12,8,1850,5,2,3,1,6,63.0,AVE ABADIE,,,,330,4.0,0.0,0.0,,4,2,,,0,1,1,0,60,2,0,1,0
200500080864,5,12,3,1145,1,2,1,2,2,63.0,BD GODARD,,,,330,4.0,0.0,0.0,,3,4,,,1,1,1,7,54,2,0,1,0
200500080865,5,12,5,1214,1,2,2,1,3,39.0,CHEM DE MUSSONVILLE,,,,330,4.0,0.0,0.0,,2,2,,,0,1,1,0,0,1,0,1,0
200500080866,5,12,8,1305,1,2,2,1,3,39.0,AVE ALEXIS CAPELLE,,,,330,4.0,0.0,0.0,,2,3,,,0,1,1,0,91,2,0,1,0
200500080867,5,12,6,1350,1,2,3,2,3,281.0,RUE RICHARD WAGNER,,,,330,4.0,0.0,0.0,,2,2,,,0,1,1,0,0,2,0,1,0
200500080868,5,12,7,845,2,2,3,8,3,281.0,RUE DE BRANTOME,,,,330,4.0,0.0,0.0,,2,2,,,0,1,1,0,50,1,0,1,0
200500080869,5,12,9,900,1,2,2,1,3,63.0,RUE FRANTZ MALVEZIN CAUD,,,,330,4.0,0.0,0.0,,1,1,,,0,1,1,0,60,1,0,1,0
200500080870,5,12,9,1800,5,2,2,1,6,63.0,RUE CHARLES MARIONNEAU,,,,330,4.0,0.0,0.0,,1,1,,,0,1,1,0,30,1,0,1,0
200500080871,5,12,10,1150,1,2,3,1,3,63.0,AVE DE LABARDE,,,,330,4.0,0.0,0.0,,2,2,,,0,1,1,0,70,1,0,1,0
200500080872,5,12,10,1750,5,2,2,1,3,63.0,BD JULES SIMON,,,,330,4.0,0.0,0.0,,2,2,,,0,1,1,0,110,1,0,1,0
200500080873,5,12,12,950,1,2,3,1,3,63.0,BD MARECHAL LECLERC,,,,330,4.0,0.0,0.0,,3,4,,,2,1,1,0,66,1,0,1,0
200500080874,5,12,12,1725,1,2,1,1,3,63.0,"349, BD DU PRESIDENT WIL",,,,330,4.0,0.0,0.0,,3,4,,,2,1,1,18,116,1,0,1,0
200500080875,5,12,12,2055,5,2,2,1,3,63.0,RUE CARLE VERNET,,,,330,4.0,0.0,0.0,,1,1,,,0,1,1,0,119,1,0,1,0
200500080876,5,12,8,1340,1,2,1,2,3,75.0,AVE CONRAD GAUSSENS,,,,330,6.0,0.0,0.0,,2,1,,,0,1,1,0,67,2,0,1,0
200500080877,5,12,12,1710,5,2,3,1,6,63.0,CRS GEORGES CLEMENCEAU,,,,330,4.0,0.0,0.0,,3,4,,,0,2,1,0,120,1,0,1,0
200500080878,5,12,7,1120,1,2,6,2,3,318.0,AVE JEAN BART,,,,330,4.0,0.0,0.0,,2,2,,,0,1,3,0,36,2,0,1,0
200500080879,5,12,8,2250,5,2,1,1,2,119.0,AVE JEAN ZAY,,,,330,4.0,0.0,0.0,,3,2,,,1,2,1,40,40,2,0,1,0
200500080880,5,12,9,1840,5,2,3,1,3,318.0,AVE LOUIS DE BROGLIE,,,,330,4.0,0.0,0.0,,2,2,,,0,1,0,0,140,1,0,1,0
200500080881,5,12,14,1850,5,2,1,1,6,63.0,AVE DE LAROQUE,,,,330,4.0,0.0,0.0,,2,3,,,0,1,1,0,120,1,0,1,0
200500080882,5,12,13,1745,5,2,1,1,3,63.0,RUE DES FRANCAIS LIBRES,,,,330,4.0,0.0,0.0,,3,4,,,0,1,2,16,149,1,0,1,0
200500080883,5,12,14,815,1,2,3,1,3,63.0,ALL DE BOUTAUT,,,,330,4.0,0.0,0.0,,2,2,,,2,1,1,0,144,1,0,1,0
200500080884,5,12,16,1,5,2,1,1,1,63.0,"249, CRS DE LA SOMME",,,,330,4.0,0.0,0.0,,2,2,,,0,1,3,0,32,1,0,1,0
200500080885,5,12,15,820,1,2,2,1,1,63.0,RUE LAJARTE,,,,330,4.0,0.0,0.0,,1,1,,,0,1,1,0,0,1,0,1,0
200500080886,5,12,15,1550,1,2,1,1,2,63.0,"30, PCE DE STALINGRAD",,,,330,4.0,0.0,0.0,,1,2,,,3,1,3,0,0,1,0,1,0
200500080887,5,12,15,1645,1,2,3,1,3,63.0,RUE PERE DIEUZAIDE,,,,330,4.0,0.0,0.0,,2,2,,,0,1,1,0,138,1,0,1,0
200500080888,5,12,19,20,5,2,1,1,2,63.0,BD ALFRED DANEY,,,,330,4.0,0.0,0.0,,1,1,,,0,1,1,0,0,1,2,1,0
200500080889,5,12,16,755,2,2,2,1,6,63.0,CRS LOUIS FARGUE,,,,330,4.0,0.0,0.0,,2,2,,,0,1,1,0,0,1,0,1,0
200500080890,5,12,16,1925,5,2,3,2,3,63.0,CRS DE VERDUN,,,,330,4.0,0.0,0.0,,3,4,,,0,1,1,0,127,2,0,1,0
200500080891,5,12,18,1110,1,2,1,1,2,63.0,PRK AUCHAN,,,,330,6.0,0.0,0.0,,1,2,,,0,1,1,0,63,1,0,1,0
200500080892,5,12,9,1345,1,2,1,1,2,75.0,"106, AVE CONRAD GAUSSENS",,,,330,4.0,0.0,0.0,,2,2,,,0,1,1,0,67,1,0,1,0
200500080893,5,12,10,1615,5,2,1,1,3,550.0,AVE DES PYRENEES,,,,330,4.0,0.0,0.0,,2,4,,,1,1,1,0,100,1,0,1,0
200500080894,5,12,13,1830,5,2,2,1,3,318.0,RUE DU COMMANDANT L'HERM,,,,330,4.0,0.0,0.0,,1,2,,,0,1,3,0,60,1,0,1,0
200500080895,5,12,14,2115,5,2,3,1,3,318.0,AVE MAL DE LATTRE DE TAS,,,,330,4.0,0.0,0.0,,2,2,,,0,1,1,0,100,1,0,1,0
200500080896,5,12,9,1750,5,2,3,1,3,192.0,RUE DE CHARTREZE,,,,330,4.0,0.0,0.0,,2,3,,,0,1,1,0,120,1,0,1,0
200500080897,5,12,18,1845,1,2,3,1,3,63.0,CITE DE NANTES,,,,330,4.0,0.0,0.0,,2,2,,,0,1,1,0,100,1,0,1,0
200500080898,5,12,18,1920,5,2,3,1,3,63.0,RUE DAUZATS,,,,330,4.0,0.0,0.0,,1,1,,,2,1,1,0,0,1,0,1,0
200500080899,5,12,19,1635,1,2,2,1,3,63.0,RUE PIERRE BAOUR,,,,330,4.0,0.0,0.0,,2,2,,,0,1,1,0,90,1,0,1,0
200500080900,5,12,20,2115,5,2,1,1,6,63.0,"18, QUAI DES CHARTRONS",,,,330,4.0,0.0,0.0,,3,2,,,0,1,1,16,55,1,0,1,0
200500080901,5,12,20,635,5,2,1,1,2,63.0,"185, RUE MOUNEYRA",,,,330,4.0,0.0,0.0,,1,1,,,0,1,1,0,0,1,0,1,0
200500080902,5,12,14,2035,5,2,2,1,3,318.0,RUE GUITTARD,,,,330,4.0,0.0,0.0,,2,2,,,2,1,1,0,815,1,0,1,0
200500080903,5,12,15,815,1,2,1,1,4,318.0,"177 B, AVE DU GENERAL LE",,,,330,2.0,0.0,0.0,,2,2,,,2,1,1,0,86,1,0,1,0
200500080904,5,12,13,1640,1,2,1,1,3,192.0,"145, RUE SAINT-FRANCOIS",,,,330,4.0,0.0,0.0,,2,2,,,1,1,1,0,80,1,0,1,0
200500080905,5,12,15,940,1,2,1,1,6,522.0,"134, CRS GAMBETTA",,,,330,4.0,0.0,0.0,,2,2,,,3,1,1,0,175,1,4,4,3
200500080906,5,12,15,2005,5,2,2,1,3,39.0,AVE DU MARECHAL LECLERC,,,,330,4.0,0.0,0.0,,2,2,,,2,1,1,0,69,1,0,1,0
200500080907,5,12,16,1125,1,2,1,1,1,318.0,PSUP HAUT LEVEQUE,,,,330,5.0,0.0,0.0,,2,2,,,0,1,1,0,70,1,0,1,0
200500080908,5,12,17,1110,1,2,1,1,3,318.0,"156, AVE DU GENERAL LECL",,,,330,2.0,0.0,0.0,,2,2,,,0,1,1,0,80,1,0,1,0
200500080909,5,12,21,1250,1,2,1,1,6,63.0,"124, CRS VICTOR HUGO",,,,330,4.0,0.0,0.0,,2,3,,,3,1,1,0,0,1,0,1,0
200500080910,5,12,24,30,5,2,6,5,1,63.0,QUAI DE BRIENNE,,,,330,4.0,0.0,0.0,,2,2,,,0,1,0,0,0,1,0,1,0
200500080911,5,12,25,1,5,2,1,1,1,63.0,"0000, RUE JUDAIQUE",,,,330,4.0,0.0,0.0,,1,2,,,0,1,1,0,60,1,0,1,0
200500080912,5,12,25,115,5,2,1,1,6,281.0,AVE MARCEL DASSAULT,,,,330,4.0,0.0,0.0,,2,2,,,0,1,1,0,0,1,0,1,0
200500080913,5,12,19,1220,1,2,1,1,2,119.0,BD ENTRE DEUX MERS,,,,330,4.0,0.0,0.0,,3,4,,,0,1,1,44,135,1,0,1,0
200500080914,5,12,19,1239,1,2,1,1,3,281.0,"3, RUE DE LA PAIX",,,,330,4.0,0.0,0.0,,2,2,,,0,1,1,0,54,1,0,1,0
200500080915,5,12,19,1515,1,2,1,1,3,550.0,RTE DE TOULOUSE,,,,330,4.0,0.0,0.0,,2,2,,,0,1,1,0,91,1,0,1,0
200500080916,5,12,20,620,5,2,2,1,3,249.0,ROC ROCADE RIVE DROITE,,,,330,4.0,0.0,0.0,,1,2,,,0,2,2,0,0,1,0,1,0
200500080917,5,12,20,955,1,2,1,1,6,32.0,RUE LAFAYETTE,,,,330,4.0,0.0,0.0,,2,2,,,0,1,1,0,70,1,0,1,0
200500080918,5,12,20,1430,1,2,2,1,3,119.0,BD ANDRE RICARD,,,,330,4.0,0.0,0.0,,3,4,,,1,1,1,7,118,1,0,1,0
200500080919,5,12,22,1950,5,2,1,1,3,63.0,PCE MARTYRS DE LA RESIST,,,,330,4.0,0.0,0.0,,2,3,,,0,1,1,0,95,1,0,1,0
200500080920,5,12,23,1540,1,2,1,1,4,63.0,PONT SAINT- JEAN,,,,330,4.0,0.0,0.0,,3,6,,,0,1,1,0,150,1,0,1,0
200500080921,5,12,23,1725,1,2,2,1,3,63.0,RUE DE LA LIBERTE CAUD,,,,330,4.0,0.0,0.0,,1,4,,,0,1,1,0,124,1,0,1,0
200500080922,5,12,20,1650,1,2,1,1,6,318.0,"20, RUE DU SERPENT",,,,330,4.0,0.0,0.0,,2,2,,,0,1,1,0,60,1,0,1,0
200500080923,5,12,21,1720,5,2,2,5,3,32.0,RUE JULES VERNE,,,,330,4.0,0.0,0.0,,2,2,,,0,2,1,0,102,1,0,1,0
200500080924,5,12,22,1935,5,1,1,1,3,522.0,"209, CRS GAMBETTA",,,,330,1.0,0.0,0.0,,2,2,,,3,1,1,0,58,1,4,1,0
200500080925,5,12,24,103,5,2,3,5,1,39.0,RTE DE TOULOUSE,,,,330,4.0,0.0,0.0,,2,2,,,0,1,1,0,100,1,0,1,0
200500080926,5,12,27,1220,1,2,3,1,5,318.0,AVE DU BOURGAILH,,,,330,4.0,0.0,0.0,,2,2,,,1,2,1,0,130,1,0,1,0
200500080927,5,12,28,1545,1,2,1,1,1,63.0,"174, RUE STEHELIN CAUD",,,,330,4.0,0.0,0.0,,2,2,,,2,1,1,0,126,1,0,1,0
200500080928,5,12,18,1005,1,2,3,1,3,318.0,ROC ROCADE SUD-OUEST,,,,330,4.0,0.0,0.0,,1,2,,,0,1,4,0,100,1,3,1,0
200500080929,5,12,20,1205,1,2,1,1,6,192.0,RUE DE LAHOUNEAU,,,,330,4.0,0.0,0.0,,2,3,,,1,1,1,0,113,1,0,1,0
200500080930,5,12,28,1520,1,2,3,1,3,63.0,AVE THIERS,,,,330,4.0,0.0,0.0,,3,4,,,1,1,1,0,60,1,4,1,0
200500080931,5,12,28,2010,5,2,2,1,3,63.0,BD DU PRESIDENT WILSON,,,,330,4.0,0.0,0.0,,3,5,,,2,1,1,14,183,1,0,1,0
200500080932,5,12,29,1900,2,2,2,1,3,63.0,RUE SAINTE COLOMBE,,,,330,4.0,0.0,0.0,,1,1,,,0,1,1,0,90,1,0,1,0
200500080933,5,12,28,2130,5,2,1,1,6,192.0,BD DE MALARTIC,,,,330,4.0,0.0,0.0,,1,1,,,0,1,3,0,50,1,0,1,0
200500080934,5,12,29,2115,5,2,1,1,3,63.0,"130, RUE MAZARIN",,,,330,4.0,0.0,0.0,,2,2,,,0,1,3,0,40,1,0,1,0
200500080935,5,12,31,1720,2,2,3,3,1,63.0,BD PIERRE 1ER,,,,330,4.0,0.0,0.0,,3,4,,,2,1,1,25,176,2,0,1,0
200500080936,5,12,27,1900,5,2,1,8,3,32.0,COTE DE LA GARONNE,,,,330,4.0,0.0,0.0,,2,2,,,0,2,2,265,119,2,0,1,0
200500080937,5,12,28,1530,1,2,3,1,5,281.0,AVE LEON BLUM,,,,330,4.0,0.0,0.0,,2,2,,,0,1,1,0,87,1,0,1,0
200500080938,5,12,28,1330,1,2,1,1,2,192.0,"9, RUE DES FONTAINES DE",,,,330,4.0,0.0,0.0,,2,2,,,0,1,1,0,69,1,0,1,0
200500080939,5,12,30,2300,5,2,6,2,6,281.0,AVE DE LA LIBERATION,,,,330,4.0,0.0,0.0,,2,4,,,0,1,3,120,120,2,0,1,0
200500080940,5,12,31,1820,5,2,3,2,6,550.0,AVE DE LA 4EME REPUBLIQU,,,,330,4.0,0.0,0.0,,2,2,,,0,1,1,0,58,2,0,1,0
200500080941,5,12,31,1800,5,2,2,3,6,167.0,VOIE PENETRANTE EST,,,,330,4.0,0.0,0.0,,1,1,,,0,1,1,0,0,2,0,1,0
200500080942,5,12,23,1310,1,2,6,1,4,281.0,AVE FRANï¿½OIS MITTERRAND,,,,330,4.0,0.0,0.0,,3,2,,,0,1,1,0,0,1,0,1,0
200500080943,5,12,1,1405,1,2,3,1,6,243.0,"52, FONNEUVE(RUE)",,,,330,4.0,0.0,0.0,,1,1,,,0,1,1,0,56,1,0,1,99
200500080944,5,12,5,2115,5,2,2,2,6,243.0,SABATIE(RUE ETIENNE),,,,330,4.0,0.0,0.0,,1,1,,,0,1,1,0,23,2,0,1,99
200500080945,5,12,19,1630,1,2,3,1,2,243.0,"06, SOUFFRAIN(RUE)",,,,330,4.0,0.0,0.0,,2,2,,,0,1,1,0,97,1,0,1,99
200500080946,5,12,27,1750,5,2,1,8,6,243.0,"19, GAULLE(AVENUE DU GEN",,,,330,4.0,0.0,0.0,,2,2,,,0,1,1,0,95,1,0,1,0
200500084350,5,12,1,1905,2,1,1,1,6,318.0,ROCADE,,,,330,1.0,630.0,0.0,,3,1,23.0,0.0,0,1,3,0,35,1,3,1,0
200500084351,5,12,2,1515,1,1,1,1,6,281.0,ROCADE,,,,330,1.0,630.0,0.0,,3,4,17.0,700.0,0,0,0,120,140,2,0,1,0
200500084352,5,12,2,1745,5,1,1,2,6,550.0,ROCADE,,,,330,1.0,630.0,0.0,,3,6,31.0,500.0,0,1,1,15,295,2,0,1,99
200500084353,5,12,2,1805,5,1,1,2,2,39.0,ROCADE,,,,330,1.0,631.0,0.0,,3,6,35.0,700.0,0,1,1,20,280,2,0,1,99
200500084354,5,12,3,15,3,1,1,2,6,80.0,AUTOROUTE,,,,330,1.0,62.0,0.0,,3,4,2.0,0.0,0,1,1,20,210,2,0,1,99
200500084355,5,12,3,830,2,1,1,2,6,249.0,ROUTE NATIONALE,,,,330,2.0,230.0,0.0,,1,2,44.0,100.0,0,1,3,0,70,2,3,1,0
200500084356,5,12,3,1145,1,1,1,8,6,366.0,AUTOROUTE,,,,330,1.0,10.0,0.0,,1,2,527.0,0.0,0,3,2,0,70,2,2,1,0
200500084357,5,12,3,1750,2,1,1,3,6,39.0,ROCADE,,,,330,1.0,630.0,0.0,,3,2,34.0,0.0,0,1,4,0,70,2,0,1,0
200500084358,5,12,3,1930,5,1,1,2,6,63.0,ROCADE,,,,330,1.0,630.0,0.0,,3,8,5.0,0.0,0,1,1,10,280,2,3,1,0
200500084359,5,12,3,2045,5,1,1,2,6,366.0,AUTOROUTE,,,,330,1.0,10.0,0.0,,1,2,526.0,900.0,0,2,2,0,70,2,2,1,0
200500084360,5,12,5,705,2,1,1,2,3,448.0,AUTOROUTE,,,,330,1.0,62.0,0.0,,3,6,9.0,400.0,0,1,1,120,140,2,3,1,0
200500084361,5,12,5,750,2,1,1,2,6,318.0,ROCADE,,,,330,1.0,630.0,0.0,,3,2,22.0,500.0,0,1,1,90,700,2,0,1,0
200500084362,5,12,5,1855,2,1,1,1,6,318.0,AUTOROUTE,,,,330,1.0,63.0,0.0,,0,2,0.0,200.0,0,2,4,0,70,1,3,1,99
200500084363,5,12,6,1155,1,1,1,1,5,397.0,AUTOROUTE,,,,330,1.0,10.0,0.0,,3,6,540.0,400.0,0,1,1,13,363,2,0,1,99
200500084364,5,12,7,952,1,1,1,2,7,39.0,ROCADE,,,,330,1.0,0.0,0.0,,3,6,34.0,600.0,0,1,1,20,290,2,0,1,99
200500084365,5,12,8,820,1,1,1,1,7,39.0,ROCADE,,,,330,1.0,631.0,0.0,,3,6,34.0,700.0,0,1,1,10,270,1,0,1,99
200500084366,5,12,9,750,5,1,1,1,2,318.0,ROCADE,,,,330,1.0,630.0,0.0,,3,4,21.0,500.0,0,1,1,100,290,1,0,1,99
200500084367,5,12,9,2133,5,1,1,1,2,281.0,ROCADE,,,,330,1.0,630.0,0.0,,3,6,14.0,200.0,0,1,1,20,280,1,0,1,99
200500084368,5,12,10,925,1,1,1,1,6,122.0,AUTOROUTE,,,,330,1.0,63.0,0.0,,3,4,8.0,0.0,0,1,1,120,140,1,0,1,0
200500084369,5,12,13,2340,5,1,1,1,2,69.0,ROUTE NATIONALE,,,,330,2.0,230.0,0.0,,3,6,42.0,300.0,0,1,1,10,210,1,0,1,0
200500084370,5,12,14,1540,1,1,1,1,2,39.0,ROCADE,,,,330,1.0,630.0,0.0,,3,6,33.0,200.0,0,1,1,20,280,1,0,1,99
200500084371,5,12,16,500,5,1,1,1,6,63.0,ROCADE,,,,330,1.0,630.0,0.0,,3,6,3.0,800.0,0,4,0,0,0,1,2,1,0
200500084372,5,12,18,820,2,1,1,1,2,162.0,ROCADE,,,,330,1.0,630.0,0.0,,3,4,11.0,100.0,0,1,1,90,140,1,0,1,0
200500084373,5,12,18,1605,1,1,1,1,6,13.0,ROUTE NATIONALE,,,,330,2.0,230.0,0.0,,0,2,42.0,600.0,0,1,3,0,70,1,3,1,0
200500084374,5,12,19,405,5,1,1,1,2,366.0,AUTOROUTE,,,,330,1.0,10.0,0.0,,3,6,528.0,100.0,0,1,1,10,200,1,0,1,0
200500084375,5,12,19,1830,5,1,1,1,3,162.0,ROCADE,,,,330,1.0,230.0,0.0,,3,4,13.0,400.0,0,0,1,90,140,1,0,1,0
200500084376,5,12,23,700,5,1,1,1,6,249.0,ROCADE,,,,330,1.0,230.0,0.0,,3,4,1.0,0.0,0,1,1,10,140,2,0,1,0
200500084377,5,12,25,500,5,1,1,2,1,39.0,ROCADE,,,,330,1.0,230.0,0.0,,3,6,34.0,0.0,0,1,3,0,210,2,2,1,0
200500084378,5,12,26,1510,1,1,1,5,6,63.0,ROCADE,,,,330,1.0,230.0,0.0,,3,4,6.0,600.0,0,1,3,60,140,0,3,1,0
200500084379,5,12,26,1640,1,1,1,1,2,39.0,ROCADE,,,,330,1.0,230.0,0.0,,3,6,34.0,0.0,0,1,1,10,210,1,0,1,0
200500084380,5,12,29,1650,1,1,1,1,6,249.0,ROCADE,,,,330,1.0,230.0,0.0,,3,2,0.0,500.0,0,1,3,0,95,1,3,1,99
200500084381,5,12,30,1230,1,1,1,2,7,167.0,ROUTE NATIONALE,,,,330,2.0,230.0,0.0,,3,6,37.0,500.0,0,2,1,10,270,2,0,1,99
200500084382,5,12,30,1310,1,1,1,3,6,39.0,ROCADE,,,,330,1.0,631.0,0.0,,1,2,34.0,200.0,0,1,3,0,70,2,3,1,99
200500084383,5,12,30,1420,1,1,1,2,6,550.0,ROCADE,,,,330,1.0,630.0,0.0,,1,2,31.0,0.0,0,1,2,0,95,2,3,1,99
200500084384,5,12,31,555,5,1,1,2,6,63.0,ROCADE,,,,330,1.0,630.0,0.0,,1,1,5.0,0.0,0,1,3,0,60,2,3,1,99
200500084385,5,12,31,1820,5,1,1,2,6,39.0,ROCADE,,,,330,1.0,630.0,0.0,,1,1,33.0,0.0,0,2,3,0,50,2,3,1,99
200500084386,5,12,31,1320,1,1,1,2,3,65.0,ROUTE NATIONALE,,,,330,2.0,230.0,0.0,,3,3,38.0,0.0,0,2,4,15,105,2,0,1,0